Workbook

Sheet 属性分配
A1: 属性投放
C2: 基础属性 | H2: 基础属性-经营属性 | N2: 二级属性 | P2: 10000 = 1 | U2: FinalPct | V2: FinalPct | W2: FinalAdd
C3: 生命值 | D3: 外攻 | E3: 内攻 | F3: 外防 | G3: 内防 | H3: 农牧 | I3: 学识 | J3: 手工 | L3: 攻击速度 | N3: 暴击 | O3: 抗暴击 | P3: 命中 | Q3: 闪避 | R3: 暴击增伤 | S3: 暴击减伤 | T3: 增伤率 | U3: 增伤率 | V3: 护甲穿透率 | W3: 法术穿透率 | X3: 吸血 | Y3: 治疗率 | Z3: 受治疗率 | AA3: 招式冷却
B4: 基础属性 | C4: 300 | D4: 50 | E4: 50 | F4: 50 | G4: 50 | H4: 100 | I4: 100 | J4: 100 | L4: 1.5 | N4: 0 | O4: 0 | P4: 0 | Q4: 0 | R4: 0 | S4: 0
B5: 预期投放比例 | C5: =D5*2.5 -> 300 | D5: 120 | E5: 120 | F5: 80 | G5: 80 | H5: 12 | I5: 12 | J5: 12
B6: 预计最终属性 | C6: =C4*C5 -> 90000 | D6: =D4*D5 -> 6000 | E6: =E4*E5 -> 6000 | F6: =F4*F5 -> 4000 | G6: =G4*G5 -> 4000 | H6: =H4*H5 -> 1200 | I6: =I4*I5 -> 1200 | J6: =J4*J5 -> 1200 | N6: 6000 | O6: 6000 | P6: 6000 | Q6: 6000 | R6: 12000 | S6: 12000 | T6: 6000 | U6: 6000 | V6: 3000 | W6: 3000 | X6: 2000 | Y6: 4000 | Z6: 4000 | AA6: 3000
B7: 战力系数 | C7: 0.5 | D7: 4 | E7: 4 | F7: 2 | G7: 2 | H7: 1 | I7: 1 | J7: 1 | N7: 1 | O7: 1 | P7: 1 | Q7: 1 | R7: 0.5 | S7: 0.5 | V7: 2 | W7: 2 | X7: 2 | Y7: 2 | Z7: 2
B8: 战力计算 | C8: =C6*C7 -> 45000 | D8: =D6*D7 -> 24000 | E8: =E6*E7 -> 24000 | F8: =F6*F7 -> 8000 | G8: =G6*G7 -> 8000 | H8: =H6*H7 -> 1200 | I8: =I6*I7 -> 1200 | J8: =J6*J7 -> 1200
A10: 实际属性投放比
A11: 卡牌 | B11: 卡牌升级 | C11: 3 | D11: 3 | E11: 3 | F11: 2 | G11: 2 | H11: 1 | I11: 1 | J11: 1
B12: 卡牌突破 | C12: 3 | D12: 3 | E12: 3 | F12: 2 | G12: 2 | H12: 0 | I12: 0 | J12: 0
B13: 卡牌升星 | C13: 14 | D13: 7 | E13: 7 | F13: 5 | G13: 5 | H13: 1.5 | I13: 1.5 | J13: 1.5
B14: 突破实际投放属性
B15: 羁绊
A16: 装备 | B16: 基础属性 | C16: 8 | D16: 4 | E16: 4 | F16: 2 | G16: 2 | K16: 生命
B17: 装备强化 | C17: 24 | D17: 12 | E17: 12 | F17: 6 | G17: 6
B18: 装备进阶(升星) | C18: 0 | D18: 0 | E18: 0 | F18: 0 | G18: 0
B19: 属性洗练 | C19: =0.9*C16 -> 7.2 | D19: =0.9*D16 -> 3.6 | E19: =0.9*E16 -> 3.6 | F19: =0.9*F16 -> 1.8 | G19: =0.9*G16 -> 1.8 | N19: 1800 | O19: 1800 | P19: 1800 | Q19: 1800 | R19: 3600 | S19: 3600 | X19: 1500 | AA19: 1000
B20: 套装 | C20: =0.2*SUM(C16:C18) -> 6.4 | D20: =0.2*SUM(D16:D18) -> 3.2 | E20: =0.2*SUM(E16:E18) -> 3.2 | F20: =0.2*SUM(F16:F18) -> 1.6 | G20: =0.2*SUM(G16:G18) -> 1.6
A21: 其他 | B21: 藏经阁 | C21: =ROUND(0.6*(SUM(C11:C15)+1-C12),1) -> 10.8 | D21: =ROUND(0.6*(SUM(D11:D15)+1-D12),1) -> 6.6 | E21: =ROUND(0.6*(SUM(E11:E15)+1-E12),1) -> 6.6 | F21: =ROUND(0.6*(SUM(F11:F15)+1-F12),1) -> 4.8 | G21: =ROUND(0.6*(SUM(G11:G15)+1-G12),1) -> 4.8 | H21: 3 | I21: 3 | J21: 3
B22: 联盟 | C22: 0 | D22: 0 | E22: 0 | F22: 0 | G22: 0 | N22: 1500 | O22: 1500 | P22: 1500 | Q22: 1500 | R22: 3000 | S22: 3000 | T22: 1500 | U22: 1500 | Y22: 1500 | Z22: 1500
B23: 坐骑
B24: 神兵 | C24: 0 | D24: =(SUM(D11:D15)+1)*0.3 -> 4.2 | E24: =(SUM(E11:E15)+1)*0.3 -> 4.2 | F24: 0 | G24: 0 | N24: 1000 | O24: 1000 | P24: 1000 | Q24: 1000 | R24: 2000 | S24: 2000 | T24: 1000 | V24: 1000 | W24: 1000 | Y24: 2000 | Z24: 2000 | AA24: 2000
B25: 名号（声望） | C25: 0 | D25: 0 | E25: 0 | F25: 0 | G25: 0
B26: 友人 | C26: 0 | D26: 0 | E26: 0 | F26: 0 | G26: 0
B27: 宝物 | C27: 0 | D27: 0 | E27: 0 | F27: 0 | G27: 0 | H27: 0 | I27: 0 | J27: 0
A28: 总计 | B28: 总计-投放比 | C28: =SUM(C11:C27)+1-C12 -> 74.4 | D28: =SUM(D11:D27)+1-D12 -> 44.6 | E28: =SUM(E11:E27)+1-E12 -> 44.6 | F28: =SUM(F11:F27)+1-F12 -> 24.2 | G28: =SUM(G11:G27)+1-G12 -> 24.2 | H28: =SUM(H11:H27)+1 -> 6.5 | I28: =SUM(I11:I27)+1 -> 6.5 | J28: =SUM(J11:J27)+1 -> 6.5
B29: 总计 | C29: =C28*C4 -> 22320 | D29: =D28*D4 -> 2230 | E29: =E28*E4 -> 2230 | F29: =F28*F4 -> 1210 | G29: =G28*G4 -> 1210 | H29: =H28*H4 -> 650 | I29: =I28*I4 -> 650 | J29: =J28*J4 -> 650
B30: 攻血比 | C30: =ROUND(C29/D29,5) -> 10.00897
B32: 战力统计 | C32: =C29*C7 -> 11160 | D32: =D29*D7 -> 8920 | E32: =E29*E7 -> 8920 | F32: =F29*F7 -> 2420 | G32: =G29*G7 -> 2420 | H32: =H29*H7 -> 650 | I32: =I29*I7 -> 650 | J32: =J29*J7 -> 650 | K32: =J29*J7 -> 650
C33: =C32+MAX(D32,E32)+AVERAGE(F32:G32)+H32 -> 23150
B35: 面板属性： | C35: (弟子属性+弟子等级*弟子成长属性+升阶提升比)*(1+卡牌升星)*(1+科技加成比例)+（装备基础属性+装备等级*装备成长属性)*（1+套装加成比例+属性洗练比例）+被动技能固定值+宝物固定属性+门派藏经阁固定属性
C36: (base+baseAdd)*(1+basePct)*(1+FinalPct)+FinalAdd
C37: base | E37: 弟子原始属性
C38: baseAdd | E38: 弟子升级所增加的属性，弟子突破进阶
C39: basePct | E39: 升星附加的属性
C40: FinalPct | E40: 属性增益，比如科技加成比例等类似的加成
C41: FinalAdd | E41: 增加的固定属性，比如装备增加的这种属性
A43: 战斗计算流程
F44: 战斗中属性 | G44: 面板属性*（1+阵营属性加成+buff属性）
H45: buff属性 | I45: 战力压制-NPC攻击修正 | K45: min(max(战力A-战力B)/(战力A+战力B),0),0.5)，只有NPC对玩家有战力压制，压制通常加成在攻击或者伤害上。防御生命看情况是否添加。
I46: 特殊加成 | K46: 举例：竞技场内，攻击和内攻属性增加10%
I47: 技能加成 | K47: 举例：技能buff效果是增加10%的攻击和内力(内攻)
F50: 命中判定 | G50: 命中率 = (基础命中率 + 命中率 - 闪避率) | L50: 命中普攻专用，技能伤害默认命中100%。普攻命中最大100%，最小为0
F52: 暴击判定 | G52: 暴击概率 = (基础暴击率 + 暴击率 - 抗暴率) | L52: 暴击普攻专用。暴击概率最小为0，最大为100%
F53: 暴击修正 | G53: 暴伤修正 = 暴击伤害比 + 暴击增伤 - 暴击减伤
F56: 基础伤害值 | G56: 攻击^2/(攻击+(防御*(1-防御穿透比) - 防御穿透)) | M56: 防御最小值设定为0
G57: 攻击 = 自身当前生命*系数 + 自身已损生命*系数 + 自身生命上限*系数+ 目标当前生命*系数 + 目标生命上限*系数 + 目标已损生命*系数+ 外防*系数 + 内防*系数 + 固定值+外攻*系数+内攻*系数
M58: 无特殊说明时，上面的攻击系数默认为0
F60: 伤害计算流程 | G60: 暴击修正*基础伤害值 * 技能伤害比 *( 1 +技能特定阵营加成+ 技能特定职业加成) * ( 1 + 技能伤害加成 ) * ( 1 + 技能增伤修正 - 技能减伤修正 ) * ( 1 + 科技增伤修正 + 科技减伤修正 + 联盟科技增伤 + 联盟科技减伤 + 装备增伤 + 装备减伤 + 其他增伤 + 其他减伤) + 附加固定伤害;
G62: 技能特定阵营加成 | I62: 举例，某技能对勇猛阵营(风格)弟子额外造成的伤害增加50%
G63: 特殊职业伤害加成 | I63: 举例：对刺客类弟子额外加成伤害
G64: 技能伤害加成 | I64: 举例：技能A对有流血目标造成额外20%伤害
G65: 技能增伤修正/技能减伤修正 | I65: 举例：技能给与自己20%的外攻增伤，技能给与自身20%的内攻减伤，给目标附加受到外攻伤害额外增加20%
G66: 增伤修正/减伤修正 | I66: 举例：门派科技，战士职业受伤害降低20%

Sheet 职业模板
C2: 300 | D2: 50 | E2: 50 | F2: 50 | G2: 50 | H2: 100 | I2: 100 | J2: 100
B3: 模板系数 | C3: 生命值 | D3: 外攻 | E3: 内攻 | F3: 外防 | G3: 内防 | H3: 农牧 | I3: 学识 | J3: 手工 | M3: 基础属性 | N3: 生命值 | O3: 外攻 | P3: 内攻 | Q3: 外防 | R3: 内防 | S3: 农牧 | T3: 学识 | U3: 手工 | W3: 战力 | Y3: 攻击max
B4: 标准模板 | C4: 1 | D4: 1 | E4: 1 | F4: 1 | G4: 1 | H4: 1 | I4: 1 | J4: 1 | M4: 标准模板 | N4: {=INDEX(属性分配!$C$4:$J$4,MATCH(N$3,属性分配!$C$3:$J$3,FALSE))} -> 300 | O4: {=INDEX(属性分配!$C$4:$J$4,MATCH(O$3,属性分配!$C$3:$J$3,FALSE))} -> 50 | P4: {=INDEX(属性分配!$C$4:$J$4,MATCH(P$3,属性分配!$C$3:$J$3,FALSE))} -> 50 | Q4: {=INDEX(属性分配!$C$4:$J$4,MATCH(Q$3,属性分配!$C$3:$J$3,FALSE))} -> 50 | R4: {=INDEX(属性分配!$C$4:$J$4,MATCH(R$3,属性分配!$C$3:$J$3,FALSE))} -> 50 | S4: {=INDEX(属性分配!$C$4:$J$4,MATCH(S$3,属性分配!$C$3:$J$3,FALSE))} -> 100 | T4: {=INDEX(属性分配!$C$4:$J$4,MATCH(T$3,属性分配!$C$3:$J$3,FALSE))} -> 100 | U4: {=INDEX(属性分配!$C$4:$J$4,MATCH(U$3,属性分配!$C$3:$J$3,FALSE))} -> 100 | W4: {=SUMPRODUCT(N4:R4,C$14:G$14)} -> 750 | Y4: =MAX(O4:P4) -> 50
B5: 坦克 | C5: 1.35 | D5: 0.8 | E5: 0.75 | F5: 1.2 | G5: 0.8 | H5: 0.6 | I5: 0.6 | J5: 0.6 | M5: 坦克 | N5: =C5*N$4 -> 405 | O5: =D5*O$4 -> 40 | P5: =E5*P$4 -> 37.5 | Q5: =F5*Q$4 -> 60 | R5: =G5*R$4 -> 40 | S5: =H5*S$4 -> 60 | T5: =I5*T$4 -> 60 | U5: =J5*U$4 -> 60 | W5: {=SUMPRODUCT(N5:R5,C$14:G$14)} -> 712.5 | Y5: =MAX(O5:P5) -> 40
B6: 战士 | C6: 1.05 | D6: 1.1 | E6: 0.8 | F6: 1 | G6: 0.95 | H6: 0.7 | I6: 0.5 | J6: 0.6 | M6: 战士 | N6: =C6*N$4 -> 315 | O6: =D6*O$4 -> 55 | P6: =E6*P$4 -> 40 | Q6: =F6*Q$4 -> 50 | R6: =G6*R$4 -> 47.5 | S6: =H6*S$4 -> 70 | T6: =I6*T$4 -> 50 | U6: =J6*U$4 -> 60 | W6: {=SUMPRODUCT(N6:R6,C$14:G$14)} -> 732.5 | Y6: =MAX(O6:P6) -> 55
B7: 法坦 | C7: 1.3 | D7: 0.75 | E7: 0.8 | F7: 0.95 | G7: 1.2 | H7: 0.5 | I7: 0.7 | J7: 0.6 | M7: 法坦 | N7: =C7*N$4 -> 390 | O7: =D7*O$4 -> 37.5 | P7: =E7*P$4 -> 40 | Q7: =F7*Q$4 -> 47.5 | R7: =G7*R$4 -> 60 | S7: =H7*S$4 -> 50 | T7: =I7*T$4 -> 70 | U7: =J7*U$4 -> 60 | W7: {=SUMPRODUCT(N7:R7,C$14:G$14)} -> 720 | Y7: =MAX(O7:P7) -> 40
B8: 刺客 | C8: 0.9 | D8: 1.2 | E8: 0.9 | F8: 0.9 | G8: 0.9 | H8: 0.5 | I8: 0.6 | J8: 0.7 | M8: 刺客 | N8: =C8*N$4 -> 270 | O8: =D8*O$4 -> 60 | P8: =E8*P$4 -> 45 | Q8: =F8*Q$4 -> 45 | R8: =G8*R$4 -> 45 | S8: =H8*S$4 -> 50 | T8: =I8*T$4 -> 60 | U8: =J8*U$4 -> 70 | W8: {=SUMPRODUCT(N8:R8,C$14:G$14)} -> 735 | Y8: =MAX(O8:P8) -> 60
B9: 魔剑士 | C9: 1 | D9: 0.9 | E9: 1.1 | F9: 0.9 | G9: 0.9 | H9: 0.6 | I9: 0.7 | J9: 0.5 | M9: 魔剑士 | N9: =C9*N$4 -> 300 | O9: =D9*O$4 -> 45 | P9: =E9*P$4 -> 55 | Q9: =F9*Q$4 -> 45 | R9: =G9*R$4 -> 45 | S9: =H9*S$4 -> 60 | T9: =I9*T$4 -> 70 | U9: =J9*U$4 -> 50 | W9: {=SUMPRODUCT(N9:R9,C$14:G$14)} -> 730 | Y9: =MAX(O9:P9) -> 55
B10: 法师 | C10: 0.9 | D10: 0.85 | E10: 1.25 | F10: 0.75 | G10: 1.05 | H10: 0.5 | I10: 0.8 | J10: 0.5 | M10: 法师 | N10: =C10*N$4 -> 270 | O10: =D10*O$4 -> 42.5 | P10: =E10*P$4 -> 62.5 | Q10: =F10*Q$4 -> 37.5 | R10: =G10*R$4 -> 52.5 | S10: =H10*S$4 -> 50 | T10: =I10*T$4 -> 80 | U10: =J10*U$4 -> 50 | W10: {=SUMPRODUCT(N10:R10,C$14:G$14)} -> 735 | Y10: =MAX(O10:P10) -> 62.5
B11: 猎人 | C11: 0.95 | D11: 1.2 | E11: 0.8 | F11: 0.95 | G11: 0.9 | H11: 0.7 | I11: 0.5 | J11: 0.6 | M11: 猎人 | N11: =C11*N$4 -> 285 | O11: =D11*O$4 -> 60 | P11: =E11*P$4 -> 40 | Q11: =F11*Q$4 -> 47.5 | R11: =G11*R$4 -> 45 | S11: =H11*S$4 -> 70 | T11: =I11*T$4 -> 50 | U11: =J11*U$4 -> 60 | W11: {=SUMPRODUCT(N11:R11,C$14:G$14)} -> 727.5 | Y11: =MAX(O11:P11) -> 60
B12: 辅助 | C12: 1.1 | D12: 0.9 | E12: 1 | F12: 0.95 | G12: 0.95 | H12: 0.6 | I12: 0.5 | J12: 0.7 | M12: 辅助 | N12: =C12*N$4 -> 330 | O12: =D12*O$4 -> 45 | P12: =E12*P$4 -> 50 | Q12: =F12*Q$4 -> 47.5 | R12: =G12*R$4 -> 47.5 | S12: =H12*S$4 -> 60 | T12: =I12*T$4 -> 50 | U12: =J12*U$4 -> 70 | W12: {=SUMPRODUCT(N12:R12,C$14:G$14)} -> 735 | Y12: =MAX(O12:P12) -> 50
B14: 属性战力 | C14: =属性分配!C7 -> 0.5 | D14: =属性分配!D7 -> 4 | E14: =属性分配!E7 -> 4 | F14: =属性分配!F7 -> 2 | G14: =属性分配!G7 -> 2 | H14: 1 | I14: 1 | J14: 1
B16: 成长属性 | D16: 等级上限 | E16: 100 | M16: 战斗回合模拟 - 初级模拟(排除防御),红色为攻击方
C17: 生命值 | D17: 外攻 | E17: 内攻 | F17: 外防 | G17: 内防 | H17: 农牧 | I17: 学识 | J17: 手工 | K17: 战斗力-升级 | N17: 标准模板 | O17: 坦克 | P17: 战士 | Q17: 法坦 | R17: 刺客 | S17: 魔剑士 | T17: 法师 | U17: 猎人
B18: 标准模板 | C18: {=属性分配!C$11*属性分配!C$4/$E$16*INDEX($C$4:$J$12,MATCH($B18,$B$4:$B$12,FALSE),MATCH(C$17,$C$3:$J$3,FALSE))} -> 9 | D18: {=属性分配!D$11*属性分配!D$4/$E$16*INDEX($C$4:$J$12,MATCH($B18,$B$4:$B$12,FALSE),MATCH(D$17,$C$3:$J$3,FALSE))} -> 1.5 | E18: {=属性分配!E$11*属性分配!E$4/$E$16*INDEX($C$4:$J$12,MATCH($B18,$B$4:$B$12,FALSE),MATCH(E$17,$C$3:$J$3,FALSE))} -> 1.5 | F18: {=属性分配!F$11*属性分配!F$4/$E$16*INDEX($C$4:$J$12,MATCH($B18,$B$4:$B$12,FALSE),MATCH(F$17,$C$3:$J$3,FALSE))} -> 1 | G18: {=属性分配!G$11*属性分配!G$4/$E$16*INDEX($C$4:$J$12,MATCH($B18,$B$4:$B$12,FALSE),MATCH(G$17,$C$3:$J$3,FALSE))} -> 1 | H18: {=属性分配!H$11*属性分配!H$4/$E$16*INDEX($C$4:$J$12,MATCH($B18,$B$4:$B$12,FALSE),MATCH(H$17,$C$3:$J$3,FALSE))} -> 1 | I18: {=属性分配!I$11*属性分配!I$4/$E$16*INDEX($C$4:$J$12,MATCH($B18,$B$4:$B$12,FALSE),MATCH(I$17,$C$3:$J$3,FALSE))} -> 1 | J18: {=属性分配!J$11*属性分配!J$4/$E$16*INDEX($C$4:$J$12,MATCH($B18,$B$4:$B$12,FALSE),MATCH(J$17,$C$3:$J$3,FALSE))} -> 1 | K18: {=SUMPRODUCT($C18:$G18,$C$14:$G$14)} -> 20.5 | M18: 标准模板 | N18: {=ROUND(INDEX($N$4:$N$12,MATCH($M18,$M$4:$M$12,FALSE))/INDEX($Y$4:$Y$12,MATCH(N$17,$M$4:$M$12,FALSE)),2)} -> 6 | O18: {=ROUND(INDEX($N$4:$N$12,MATCH($M18,$M$4:$M$12,FALSE))/INDEX($Y$4:$Y$12,MATCH(O$17,$M$4:$M$12,FALSE)),2)} -> 7.5 | P18: {=ROUND(INDEX($N$4:$N$12,MATCH($M18,$M$4:$M$12,FALSE))/INDEX($Y$4:$Y$12,MATCH(P$17,$M$4:$M$12,FALSE)),2)} -> 5.45 | Q18: {=ROUND(INDEX($N$4:$N$12,MATCH($M18,$M$4:$M$12,FALSE))/INDEX($Y$4:$Y$12,MATCH(Q$17,$M$4:$M$12,FALSE)),2)} -> 7.5 | R18: {=ROUND(INDEX($N$4:$N$12,MATCH($M18,$M$4:$M$12,FALSE))/INDEX($Y$4:$Y$12,MATCH(R$17,$M$4:$M$12,FALSE)),2)} -> 5 | S18: {=ROUND(INDEX($N$4:$N$12,MATCH($M18,$M$4:$M$12,FALSE))/INDEX($Y$4:$Y$12,MATCH(S$17,$M$4:$M$12,FALSE)),2)} -> 5.45 | T18: {=ROUND(INDEX($N$4:$N$12,MATCH($M18,$M$4:$M$12,FALSE))/INDEX($Y$4:$Y$12,MATCH(T$17,$M$4:$M$12,FALSE)),2)} -> 4.8 | U18: {=ROUND(INDEX($N$4:$N$12,MATCH($M18,$M$4:$M$12,FALSE))/INDEX($Y$4:$Y$12,MATCH(U$17,$M$4:$M$12,FALSE)),2)} -> 5
B19: 坦克 | C19: {=属性分配!C$11*属性分配!C$4/$E$16*INDEX($C$4:$J$12,MATCH($B19,$B$4:$B$12,FALSE),MATCH(C$17,$C$3:$J$3,FALSE))} -> 12.15 | D19: {=属性分配!D$11*属性分配!D$4/$E$16*INDEX($C$4:$J$12,MATCH($B19,$B$4:$B$12,FALSE),MATCH(D$17,$C$3:$J$3,FALSE))} -> 1.2 | E19: {=属性分配!E$11*属性分配!E$4/$E$16*INDEX($C$4:$J$12,MATCH($B19,$B$4:$B$12,FALSE),MATCH(E$17,$C$3:$J$3,FALSE))} -> 1.125 | F19: {=属性分配!F$11*属性分配!F$4/$E$16*INDEX($C$4:$J$12,MATCH($B19,$B$4:$B$12,FALSE),MATCH(F$17,$C$3:$J$3,FALSE))} -> 1.2 | G19: {=属性分配!G$11*属性分配!G$4/$E$16*INDEX($C$4:$J$12,MATCH($B19,$B$4:$B$12,FALSE),MATCH(G$17,$C$3:$J$3,FALSE))} -> 0.8 | H19: {=属性分配!H$11*属性分配!H$4/$E$16*INDEX($C$4:$J$12,MATCH($B19,$B$4:$B$12,FALSE),MATCH(H$17,$C$3:$J$3,FALSE))} -> 0.6 | I19: {=属性分配!I$11*属性分配!I$4/$E$16*INDEX($C$4:$J$12,MATCH($B19,$B$4:$B$12,FALSE),MATCH(I$17,$C$3:$J$3,FALSE))} -> 0.6 | J19: {=属性分配!J$11*属性分配!J$4/$E$16*INDEX($C$4:$J$12,MATCH($B19,$B$4:$B$12,FALSE),MATCH(J$17,$C$3:$J$3,FALSE))} -> 0.6 | K19: {=SUMPRODUCT($C19:$G19,$C$14:$G$14)} -> 19.375 | M19: 坦克 | N19: {=ROUND(INDEX($N$4:$N$12,MATCH($M19,$M$4:$M$12,FALSE))/INDEX($Y$4:$Y$12,MATCH(N$17,$M$4:$M$12,FALSE)),2)} -> 8.1 | O19: {=ROUND(INDEX($N$4:$N$12,MATCH($M19,$M$4:$M$12,FALSE))/INDEX($Y$4:$Y$12,MATCH(O$17,$M$4:$M$12,FALSE)),2)} -> 10.13 | P19: {=ROUND(INDEX($N$4:$N$12,MATCH($M19,$M$4:$M$12,FALSE))/INDEX($Y$4:$Y$12,MATCH(P$17,$M$4:$M$12,FALSE)),2)} -> 7.36 | Q19: {=ROUND(INDEX($N$4:$N$12,MATCH($M19,$M$4:$M$12,FALSE))/INDEX($Y$4:$Y$12,MATCH(Q$17,$M$4:$M$12,FALSE)),2)} -> 10.13 | R19: {=ROUND(INDEX($N$4:$N$12,MATCH($M19,$M$4:$M$12,FALSE))/INDEX($Y$4:$Y$12,MATCH(R$17,$M$4:$M$12,FALSE)),2)} -> 6.75 | S19: {=ROUND(INDEX($N$4:$N$12,MATCH($M19,$M$4:$M$12,FALSE))/INDEX($Y$4:$Y$12,MATCH(S$17,$M$4:$M$12,FALSE)),2)} -> 7.36 | T19: {=ROUND(INDEX($N$4:$N$12,MATCH($M19,$M$4:$M$12,FALSE))/INDEX($Y$4:$Y$12,MATCH(T$17,$M$4:$M$12,FALSE)),2)} -> 6.48 | U19: {=ROUND(INDEX($N$4:$N$12,MATCH($M19,$M$4:$M$12,FALSE))/INDEX($Y$4:$Y$12,MATCH(U$17,$M$4:$M$12,FALSE)),2)} -> 6.75
B20: 战士 | C20: {=属性分配!C$11*属性分配!C$4/$E$16*INDEX($C$4:$J$12,MATCH($B20,$B$4:$B$12,FALSE),MATCH(C$17,$C$3:$J$3,FALSE))} -> 9.45 | D20: {=属性分配!D$11*属性分配!D$4/$E$16*INDEX($C$4:$J$12,MATCH($B20,$B$4:$B$12,FALSE),MATCH(D$17,$C$3:$J$3,FALSE))} -> 1.65 | E20: {=属性分配!E$11*属性分配!E$4/$E$16*INDEX($C$4:$J$12,MATCH($B20,$B$4:$B$12,FALSE),MATCH(E$17,$C$3:$J$3,FALSE))} -> 1.2 | F20: {=属性分配!F$11*属性分配!F$4/$E$16*INDEX($C$4:$J$12,MATCH($B20,$B$4:$B$12,FALSE),MATCH(F$17,$C$3:$J$3,FALSE))} -> 1 | G20: {=属性分配!G$11*属性分配!G$4/$E$16*INDEX($C$4:$J$12,MATCH($B20,$B$4:$B$12,FALSE),MATCH(G$17,$C$3:$J$3,FALSE))} -> 0.95 | H20: {=属性分配!H$11*属性分配!H$4/$E$16*INDEX($C$4:$J$12,MATCH($B20,$B$4:$B$12,FALSE),MATCH(H$17,$C$3:$J$3,FALSE))} -> 0.7 | I20: {=属性分配!I$11*属性分配!I$4/$E$16*INDEX($C$4:$J$12,MATCH($B20,$B$4:$B$12,FALSE),MATCH(I$17,$C$3:$J$3,FALSE))} -> 0.5 | J20: {=属性分配!J$11*属性分配!J$4/$E$16*INDEX($C$4:$J$12,MATCH($B20,$B$4:$B$12,FALSE),MATCH(J$17,$C$3:$J$3,FALSE))} -> 0.6 | K20: {=SUMPRODUCT($C20:$G20,$C$14:$G$14)} -> 20.025 | M20: 战士 | N20: {=ROUND(INDEX($N$4:$N$12,MATCH($M20,$M$4:$M$12,FALSE))/INDEX($Y$4:$Y$12,MATCH(N$17,$M$4:$M$12,FALSE)),2)} -> 6.3 | O20: {=ROUND(INDEX($N$4:$N$12,MATCH($M20,$M$4:$M$12,FALSE))/INDEX($Y$4:$Y$12,MATCH(O$17,$M$4:$M$12,FALSE)),2)} -> 7.88 | P20: {=ROUND(INDEX($N$4:$N$12,MATCH($M20,$M$4:$M$12,FALSE))/INDEX($Y$4:$Y$12,MATCH(P$17,$M$4:$M$12,FALSE)),2)} -> 5.73 | Q20: {=ROUND(INDEX($N$4:$N$12,MATCH($M20,$M$4:$M$12,FALSE))/INDEX($Y$4:$Y$12,MATCH(Q$17,$M$4:$M$12,FALSE)),2)} -> 7.88 | R20: {=ROUND(INDEX($N$4:$N$12,MATCH($M20,$M$4:$M$12,FALSE))/INDEX($Y$4:$Y$12,MATCH(R$17,$M$4:$M$12,FALSE)),2)} -> 5.25 | S20: {=ROUND(INDEX($N$4:$N$12,MATCH($M20,$M$4:$M$12,FALSE))/INDEX($Y$4:$Y$12,MATCH(S$17,$M$4:$M$12,FALSE)),2)} -> 5.73 | T20: {=ROUND(INDEX($N$4:$N$12,MATCH($M20,$M$4:$M$12,FALSE))/INDEX($Y$4:$Y$12,MATCH(T$17,$M$4:$M$12,FALSE)),2)} -> 5.04 | U20: {=ROUND(INDEX($N$4:$N$12,MATCH($M20,$M$4:$M$12,FALSE))/INDEX($Y$4:$Y$12,MATCH(U$17,$M$4:$M$12,FALSE)),2)} -> 5.25
B21: 法坦 | C21: {=属性分配!C$11*属性分配!C$4/$E$16*INDEX($C$4:$J$12,MATCH($B21,$B$4:$B$12,FALSE),MATCH(C$17,$C$3:$J$3,FALSE))} -> 11.7 | D21: {=属性分配!D$11*属性分配!D$4/$E$16*INDEX($C$4:$J$12,MATCH($B21,$B$4:$B$12,FALSE),MATCH(D$17,$C$3:$J$3,FALSE))} -> 1.125 | E21: {=属性分配!E$11*属性分配!E$4/$E$16*INDEX($C$4:$J$12,MATCH($B21,$B$4:$B$12,FALSE),MATCH(E$17,$C$3:$J$3,FALSE))} -> 1.2 | F21: {=属性分配!F$11*属性分配!F$4/$E$16*INDEX($C$4:$J$12,MATCH($B21,$B$4:$B$12,FALSE),MATCH(F$17,$C$3:$J$3,FALSE))} -> 0.95 | G21: {=属性分配!G$11*属性分配!G$4/$E$16*INDEX($C$4:$J$12,MATCH($B21,$B$4:$B$12,FALSE),MATCH(G$17,$C$3:$J$3,FALSE))} -> 1.2 | H21: {=属性分配!H$11*属性分配!H$4/$E$16*INDEX($C$4:$J$12,MATCH($B21,$B$4:$B$12,FALSE),MATCH(H$17,$C$3:$J$3,FALSE))} -> 0.5 | I21: {=属性分配!I$11*属性分配!I$4/$E$16*INDEX($C$4:$J$12,MATCH($B21,$B$4:$B$12,FALSE),MATCH(I$17,$C$3:$J$3,FALSE))} -> 0.7 | J21: {=属性分配!J$11*属性分配!J$4/$E$16*INDEX($C$4:$J$12,MATCH($B21,$B$4:$B$12,FALSE),MATCH(J$17,$C$3:$J$3,FALSE))} -> 0.6 | K21: {=SUMPRODUCT($C21:$G21,$C$14:$G$14)} -> 19.45 | M21: 法坦 | N21: {=ROUND(INDEX($N$4:$N$12,MATCH($M21,$M$4:$M$12,FALSE))/INDEX($Y$4:$Y$12,MATCH(N$17,$M$4:$M$12,FALSE)),2)} -> 7.8 | O21: {=ROUND(INDEX($N$4:$N$12,MATCH($M21,$M$4:$M$12,FALSE))/INDEX($Y$4:$Y$12,MATCH(O$17,$M$4:$M$12,FALSE)),2)} -> 9.75 | P21: {=ROUND(INDEX($N$4:$N$12,MATCH($M21,$M$4:$M$12,FALSE))/INDEX($Y$4:$Y$12,MATCH(P$17,$M$4:$M$12,FALSE)),2)} -> 7.09 | Q21: {=ROUND(INDEX($N$4:$N$12,MATCH($M21,$M$4:$M$12,FALSE))/INDEX($Y$4:$Y$12,MATCH(Q$17,$M$4:$M$12,FALSE)),2)} -> 9.75 | R21: {=ROUND(INDEX($N$4:$N$12,MATCH($M21,$M$4:$M$12,FALSE))/INDEX($Y$4:$Y$12,MATCH(R$17,$M$4:$M$12,FALSE)),2)} -> 6.5 | S21: {=ROUND(INDEX($N$4:$N$12,MATCH($M21,$M$4:$M$12,FALSE))/INDEX($Y$4:$Y$12,MATCH(S$17,$M$4:$M$12,FALSE)),2)} -> 7.09 | T21: {=ROUND(INDEX($N$4:$N$12,MATCH($M21,$M$4:$M$12,FALSE))/INDEX($Y$4:$Y$12,MATCH(T$17,$M$4:$M$12,FALSE)),2)} -> 6.24 | U21: {=ROUND(INDEX($N$4:$N$12,MATCH($M21,$M$4:$M$12,FALSE))/INDEX($Y$4:$Y$12,MATCH(U$17,$M$4:$M$12,FALSE)),2)} -> 6.5
B22: 刺客 | C22: {=属性分配!C$11*属性分配!C$4/$E$16*INDEX($C$4:$J$12,MATCH($B22,$B$4:$B$12,FALSE),MATCH(C$17,$C$3:$J$3,FALSE))} -> 8.1 | D22: {=属性分配!D$11*属性分配!D$4/$E$16*INDEX($C$4:$J$12,MATCH($B22,$B$4:$B$12,FALSE),MATCH(D$17,$C$3:$J$3,FALSE))} -> 1.8 | E22: {=属性分配!E$11*属性分配!E$4/$E$16*INDEX($C$4:$J$12,MATCH($B22,$B$4:$B$12,FALSE),MATCH(E$17,$C$3:$J$3,FALSE))} -> 1.35 | F22: {=属性分配!F$11*属性分配!F$4/$E$16*INDEX($C$4:$J$12,MATCH($B22,$B$4:$B$12,FALSE),MATCH(F$17,$C$3:$J$3,FALSE))} -> 0.9 | G22: {=属性分配!G$11*属性分配!G$4/$E$16*INDEX($C$4:$J$12,MATCH($B22,$B$4:$B$12,FALSE),MATCH(G$17,$C$3:$J$3,FALSE))} -> 0.9 | H22: {=属性分配!H$11*属性分配!H$4/$E$16*INDEX($C$4:$J$12,MATCH($B22,$B$4:$B$12,FALSE),MATCH(H$17,$C$3:$J$3,FALSE))} -> 0.5 | I22: {=属性分配!I$11*属性分配!I$4/$E$16*INDEX($C$4:$J$12,MATCH($B22,$B$4:$B$12,FALSE),MATCH(I$17,$C$3:$J$3,FALSE))} -> 0.6 | J22: {=属性分配!J$11*属性分配!J$4/$E$16*INDEX($C$4:$J$12,MATCH($B22,$B$4:$B$12,FALSE),MATCH(J$17,$C$3:$J$3,FALSE))} -> 0.7 | K22: {=SUMPRODUCT($C22:$G22,$C$14:$G$14)} -> 20.25 | M22: 刺客 | N22: {=ROUND(INDEX($N$4:$N$12,MATCH($M22,$M$4:$M$12,FALSE))/INDEX($Y$4:$Y$12,MATCH(N$17,$M$4:$M$12,FALSE)),2)} -> 5.4 | O22: {=ROUND(INDEX($N$4:$N$12,MATCH($M22,$M$4:$M$12,FALSE))/INDEX($Y$4:$Y$12,MATCH(O$17,$M$4:$M$12,FALSE)),2)} -> 6.75 | P22: {=ROUND(INDEX($N$4:$N$12,MATCH($M22,$M$4:$M$12,FALSE))/INDEX($Y$4:$Y$12,MATCH(P$17,$M$4:$M$12,FALSE)),2)} -> 4.91 | Q22: {=ROUND(INDEX($N$4:$N$12,MATCH($M22,$M$4:$M$12,FALSE))/INDEX($Y$4:$Y$12,MATCH(Q$17,$M$4:$M$12,FALSE)),2)} -> 6.75 | R22: {=ROUND(INDEX($N$4:$N$12,MATCH($M22,$M$4:$M$12,FALSE))/INDEX($Y$4:$Y$12,MATCH(R$17,$M$4:$M$12,FALSE)),2)} -> 4.5 | S22: {=ROUND(INDEX($N$4:$N$12,MATCH($M22,$M$4:$M$12,FALSE))/INDEX($Y$4:$Y$12,MATCH(S$17,$M$4:$M$12,FALSE)),2)} -> 4.91 | T22: {=ROUND(INDEX($N$4:$N$12,MATCH($M22,$M$4:$M$12,FALSE))/INDEX($Y$4:$Y$12,MATCH(T$17,$M$4:$M$12,FALSE)),2)} -> 4.32 | U22: {=ROUND(INDEX($N$4:$N$12,MATCH($M22,$M$4:$M$12,FALSE))/INDEX($Y$4:$Y$12,MATCH(U$17,$M$4:$M$12,FALSE)),2)} -> 4.5
B23: 魔剑士 | C23: {=属性分配!C$11*属性分配!C$4/$E$16*INDEX($C$4:$J$12,MATCH($B23,$B$4:$B$12,FALSE),MATCH(C$17,$C$3:$J$3,FALSE))} -> 9 | D23: {=属性分配!D$11*属性分配!D$4/$E$16*INDEX($C$4:$J$12,MATCH($B23,$B$4:$B$12,FALSE),MATCH(D$17,$C$3:$J$3,FALSE))} -> 1.35 | E23: {=属性分配!E$11*属性分配!E$4/$E$16*INDEX($C$4:$J$12,MATCH($B23,$B$4:$B$12,FALSE),MATCH(E$17,$C$3:$J$3,FALSE))} -> 1.65 | F23: {=属性分配!F$11*属性分配!F$4/$E$16*INDEX($C$4:$J$12,MATCH($B23,$B$4:$B$12,FALSE),MATCH(F$17,$C$3:$J$3,FALSE))} -> 0.9 | G23: {=属性分配!G$11*属性分配!G$4/$E$16*INDEX($C$4:$J$12,MATCH($B23,$B$4:$B$12,FALSE),MATCH(G$17,$C$3:$J$3,FALSE))} -> 0.9 | H23: {=属性分配!H$11*属性分配!H$4/$E$16*INDEX($C$4:$J$12,MATCH($B23,$B$4:$B$12,FALSE),MATCH(H$17,$C$3:$J$3,FALSE))} -> 0.6 | I23: {=属性分配!I$11*属性分配!I$4/$E$16*INDEX($C$4:$J$12,MATCH($B23,$B$4:$B$12,FALSE),MATCH(I$17,$C$3:$J$3,FALSE))} -> 0.7 | J23: {=属性分配!J$11*属性分配!J$4/$E$16*INDEX($C$4:$J$12,MATCH($B23,$B$4:$B$12,FALSE),MATCH(J$17,$C$3:$J$3,FALSE))} -> 0.5 | K23: {=SUMPRODUCT($C23:$G23,$C$14:$G$14)} -> 20.1 | M23: 魔剑士 | N23: {=ROUND(INDEX($N$4:$N$12,MATCH($M23,$M$4:$M$12,FALSE))/INDEX($Y$4:$Y$12,MATCH(N$17,$M$4:$M$12,FALSE)),2)} -> 6 | O23: {=ROUND(INDEX($N$4:$N$12,MATCH($M23,$M$4:$M$12,FALSE))/INDEX($Y$4:$Y$12,MATCH(O$17,$M$4:$M$12,FALSE)),2)} -> 7.5 | P23: {=ROUND(INDEX($N$4:$N$12,MATCH($M23,$M$4:$M$12,FALSE))/INDEX($Y$4:$Y$12,MATCH(P$17,$M$4:$M$12,FALSE)),2)} -> 5.45 | Q23: {=ROUND(INDEX($N$4:$N$12,MATCH($M23,$M$4:$M$12,FALSE))/INDEX($Y$4:$Y$12,MATCH(Q$17,$M$4:$M$12,FALSE)),2)} -> 7.5 | R23: {=ROUND(INDEX($N$4:$N$12,MATCH($M23,$M$4:$M$12,FALSE))/INDEX($Y$4:$Y$12,MATCH(R$17,$M$4:$M$12,FALSE)),2)} -> 5 | S23: {=ROUND(INDEX($N$4:$N$12,MATCH($M23,$M$4:$M$12,FALSE))/INDEX($Y$4:$Y$12,MATCH(S$17,$M$4:$M$12,FALSE)),2)} -> 5.45 | T23: {=ROUND(INDEX($N$4:$N$12,MATCH($M23,$M$4:$M$12,FALSE))/INDEX($Y$4:$Y$12,MATCH(T$17,$M$4:$M$12,FALSE)),2)} -> 4.8 | U23: {=ROUND(INDEX($N$4:$N$12,MATCH($M23,$M$4:$M$12,FALSE))/INDEX($Y$4:$Y$12,MATCH(U$17,$M$4:$M$12,FALSE)),2)} -> 5
B24: 法师 | C24: {=属性分配!C$11*属性分配!C$4/$E$16*INDEX($C$4:$J$12,MATCH($B24,$B$4:$B$12,FALSE),MATCH(C$17,$C$3:$J$3,FALSE))} -> 8.1 | D24: {=属性分配!D$11*属性分配!D$4/$E$16*INDEX($C$4:$J$12,MATCH($B24,$B$4:$B$12,FALSE),MATCH(D$17,$C$3:$J$3,FALSE))} -> 1.275 | E24: {=属性分配!E$11*属性分配!E$4/$E$16*INDEX($C$4:$J$12,MATCH($B24,$B$4:$B$12,FALSE),MATCH(E$17,$C$3:$J$3,FALSE))} -> 1.875 | F24: {=属性分配!F$11*属性分配!F$4/$E$16*INDEX($C$4:$J$12,MATCH($B24,$B$4:$B$12,FALSE),MATCH(F$17,$C$3:$J$3,FALSE))} -> 0.75 | G24: {=属性分配!G$11*属性分配!G$4/$E$16*INDEX($C$4:$J$12,MATCH($B24,$B$4:$B$12,FALSE),MATCH(G$17,$C$3:$J$3,FALSE))} -> 1.05 | H24: {=属性分配!H$11*属性分配!H$4/$E$16*INDEX($C$4:$J$12,MATCH($B24,$B$4:$B$12,FALSE),MATCH(H$17,$C$3:$J$3,FALSE))} -> 0.5 | I24: {=属性分配!I$11*属性分配!I$4/$E$16*INDEX($C$4:$J$12,MATCH($B24,$B$4:$B$12,FALSE),MATCH(I$17,$C$3:$J$3,FALSE))} -> 0.8 | J24: {=属性分配!J$11*属性分配!J$4/$E$16*INDEX($C$4:$J$12,MATCH($B24,$B$4:$B$12,FALSE),MATCH(J$17,$C$3:$J$3,FALSE))} -> 0.5 | K24: {=SUMPRODUCT($C24:$G24,$C$14:$G$14)} -> 20.25 | M24: 法师 | N24: {=ROUND(INDEX($N$4:$N$12,MATCH($M24,$M$4:$M$12,FALSE))/INDEX($Y$4:$Y$12,MATCH(N$17,$M$4:$M$12,FALSE)),2)} -> 5.4 | O24: {=ROUND(INDEX($N$4:$N$12,MATCH($M24,$M$4:$M$12,FALSE))/INDEX($Y$4:$Y$12,MATCH(O$17,$M$4:$M$12,FALSE)),2)} -> 6.75 | P24: {=ROUND(INDEX($N$4:$N$12,MATCH($M24,$M$4:$M$12,FALSE))/INDEX($Y$4:$Y$12,MATCH(P$17,$M$4:$M$12,FALSE)),2)} -> 4.91 | Q24: {=ROUND(INDEX($N$4:$N$12,MATCH($M24,$M$4:$M$12,FALSE))/INDEX($Y$4:$Y$12,MATCH(Q$17,$M$4:$M$12,FALSE)),2)} -> 6.75 | R24: {=ROUND(INDEX($N$4:$N$12,MATCH($M24,$M$4:$M$12,FALSE))/INDEX($Y$4:$Y$12,MATCH(R$17,$M$4:$M$12,FALSE)),2)} -> 4.5 | S24: {=ROUND(INDEX($N$4:$N$12,MATCH($M24,$M$4:$M$12,FALSE))/INDEX($Y$4:$Y$12,MATCH(S$17,$M$4:$M$12,FALSE)),2)} -> 4.91 | T24: {=ROUND(INDEX($N$4:$N$12,MATCH($M24,$M$4:$M$12,FALSE))/INDEX($Y$4:$Y$12,MATCH(T$17,$M$4:$M$12,FALSE)),2)} -> 4.32 | U24: {=ROUND(INDEX($N$4:$N$12,MATCH($M24,$M$4:$M$12,FALSE))/INDEX($Y$4:$Y$12,MATCH(U$17,$M$4:$M$12,FALSE)),2)} -> 4.5
B25: 猎人 | C25: {=属性分配!C$11*属性分配!C$4/$E$16*INDEX($C$4:$J$12,MATCH($B25,$B$4:$B$12,FALSE),MATCH(C$17,$C$3:$J$3,FALSE))} -> 8.55 | D25: {=属性分配!D$11*属性分配!D$4/$E$16*INDEX($C$4:$J$12,MATCH($B25,$B$4:$B$12,FALSE),MATCH(D$17,$C$3:$J$3,FALSE))} -> 1.8 | E25: {=属性分配!E$11*属性分配!E$4/$E$16*INDEX($C$4:$J$12,MATCH($B25,$B$4:$B$12,FALSE),MATCH(E$17,$C$3:$J$3,FALSE))} -> 1.2 | F25: {=属性分配!F$11*属性分配!F$4/$E$16*INDEX($C$4:$J$12,MATCH($B25,$B$4:$B$12,FALSE),MATCH(F$17,$C$3:$J$3,FALSE))} -> 0.95 | G25: {=属性分配!G$11*属性分配!G$4/$E$16*INDEX($C$4:$J$12,MATCH($B25,$B$4:$B$12,FALSE),MATCH(G$17,$C$3:$J$3,FALSE))} -> 0.9 | H25: {=属性分配!H$11*属性分配!H$4/$E$16*INDEX($C$4:$J$12,MATCH($B25,$B$4:$B$12,FALSE),MATCH(H$17,$C$3:$J$3,FALSE))} -> 0.7 | I25: {=属性分配!I$11*属性分配!I$4/$E$16*INDEX($C$4:$J$12,MATCH($B25,$B$4:$B$12,FALSE),MATCH(I$17,$C$3:$J$3,FALSE))} -> 0.5 | J25: {=属性分配!J$11*属性分配!J$4/$E$16*INDEX($C$4:$J$12,MATCH($B25,$B$4:$B$12,FALSE),MATCH(J$17,$C$3:$J$3,FALSE))} -> 0.6 | K25: {=SUMPRODUCT($C25:$G25,$C$14:$G$14)} -> 19.975 | M25: 猎人 | N25: {=ROUND(INDEX($N$4:$N$12,MATCH($M25,$M$4:$M$12,FALSE))/INDEX($Y$4:$Y$12,MATCH(N$17,$M$4:$M$12,FALSE)),2)} -> 5.7 | O25: {=ROUND(INDEX($N$4:$N$12,MATCH($M25,$M$4:$M$12,FALSE))/INDEX($Y$4:$Y$12,MATCH(O$17,$M$4:$M$12,FALSE)),2)} -> 7.13 | P25: {=ROUND(INDEX($N$4:$N$12,MATCH($M25,$M$4:$M$12,FALSE))/INDEX($Y$4:$Y$12,MATCH(P$17,$M$4:$M$12,FALSE)),2)} -> 5.18 | Q25: {=ROUND(INDEX($N$4:$N$12,MATCH($M25,$M$4:$M$12,FALSE))/INDEX($Y$4:$Y$12,MATCH(Q$17,$M$4:$M$12,FALSE)),2)} -> 7.13 | R25: {=ROUND(INDEX($N$4:$N$12,MATCH($M25,$M$4:$M$12,FALSE))/INDEX($Y$4:$Y$12,MATCH(R$17,$M$4:$M$12,FALSE)),2)} -> 4.75 | S25: {=ROUND(INDEX($N$4:$N$12,MATCH($M25,$M$4:$M$12,FALSE))/INDEX($Y$4:$Y$12,MATCH(S$17,$M$4:$M$12,FALSE)),2)} -> 5.18 | T25: {=ROUND(INDEX($N$4:$N$12,MATCH($M25,$M$4:$M$12,FALSE))/INDEX($Y$4:$Y$12,MATCH(T$17,$M$4:$M$12,FALSE)),2)} -> 4.56 | U25: {=ROUND(INDEX($N$4:$N$12,MATCH($M25,$M$4:$M$12,FALSE))/INDEX($Y$4:$Y$12,MATCH(U$17,$M$4:$M$12,FALSE)),2)} -> 4.75
B27: 卡牌升星 BasePct
B28: 星级 | C28: 生命值 | D28: 外攻 | E28: 内攻 | F28: 外防 | G28: 内防 | H28: 农牧 | I28: 学识 | J28: 手工 | M28: 升星消耗 | N28: 资源来源 | T28: 突破级数和突破辅助队列
B29: 0 | C29: {=INDEX(属性分配!$C$13:$J$13,MATCH(C$28,属性分配!$C$3:$J$3,FALSE))/(属性分配!C$11+1)*$B29/$B$34} -> 0 | D29: {=INDEX(属性分配!$C$13:$J$13,MATCH(D$28,属性分配!$C$3:$J$3,FALSE))/(属性分配!D$11+1)*$B29/$B$34} -> 0 | E29: {=INDEX(属性分配!$C$13:$J$13,MATCH(E$28,属性分配!$C$3:$J$3,FALSE))/(属性分配!E$11+1)*$B29/$B$34} -> 0 | F29: {=INDEX(属性分配!$C$13:$J$13,MATCH(F$28,属性分配!$C$3:$J$3,FALSE))/(属性分配!F$11+1)*$B29/$B$34} -> 0 | G29: {=INDEX(属性分配!$C$13:$J$13,MATCH(G$28,属性分配!$C$3:$J$3,FALSE))/(属性分配!G$11+1)*$B29/$B$34} -> 0 | H29: {=INDEX(属性分配!$C$13:$J$13,MATCH(H$28,属性分配!$C$3:$J$3,FALSE))/(属性分配!H$11+1)*$B29/$B$34} -> 0 | I29: {=INDEX(属性分配!$C$13:$J$13,MATCH(I$28,属性分配!$C$3:$J$3,FALSE))/(属性分配!I$11+1)*$B29/$B$34} -> 0 | J29: {=INDEX(属性分配!$C$13:$J$13,MATCH(J$28,属性分配!$C$3:$J$3,FALSE))/(属性分配!J$11+1)*$B29/$B$34} -> 0 | M29: 1 | N29: 抽卡 | T29: 突破等级 | U29: 原突破属性比 | V29: 调整后属性比 | X29: 单项属性单项增加 | Y29: 小节点整体属性比
B30: 1 | C30: {=INDEX(属性分配!$C$13:$J$13,MATCH(C$28,属性分配!$C$3:$J$3,FALSE))/(属性分配!C$11+属性分配!C$12+1)*$B30/$B$34} -> 0.4 | D30: {=INDEX(属性分配!$C$13:$J$13,MATCH(D$28,属性分配!$C$3:$J$3,FALSE))/(属性分配!D$11+属性分配!D$12+1)*$B30/$B$34} -> 0.2 | E30: {=INDEX(属性分配!$C$13:$J$13,MATCH(E$28,属性分配!$C$3:$J$3,FALSE))/(属性分配!E$11+属性分配!E$12+1)*$B30/$B$34} -> 0.2 | F30: {=INDEX(属性分配!$C$13:$J$13,MATCH(F$28,属性分配!$C$3:$J$3,FALSE))/(属性分配!F$11+属性分配!F$12+1)*$B30/$B$34} -> 0.2 | G30: {=INDEX(属性分配!$C$13:$J$13,MATCH(G$28,属性分配!$C$3:$J$3,FALSE))/(属性分配!G$11+属性分配!G$12+1)*$B30/$B$34} -> 0.2 | H30: {=INDEX(属性分配!$C$13:$J$13,MATCH(H$28,属性分配!$C$3:$J$3,FALSE))/(属性分配!H$11+属性分配!H$12+1)*$B30/$B$34} -> 0.15 | I30: {=INDEX(属性分配!$C$13:$J$13,MATCH(I$28,属性分配!$C$3:$J$3,FALSE))/(属性分配!I$11+属性分配!I$12+1)*$B30/$B$34} -> 0.15 | J30: {=INDEX(属性分配!$C$13:$J$13,MATCH(J$28,属性分配!$C$3:$J$3,FALSE))/(属性分配!J$11+属性分配!J$12+1)*$B30/$B$34} -> 0.15 | M30: 1 | T30: 0 | U30: 0 | V30: 0
B31: 2 | C31: {=INDEX(属性分配!$C$13:$J$13,MATCH(C$28,属性分配!$C$3:$J$3,FALSE))/(属性分配!C$11+属性分配!C$12+1)*$B31/$B$34} -> 0.8 | D31: {=INDEX(属性分配!$C$13:$J$13,MATCH(D$28,属性分配!$C$3:$J$3,FALSE))/(属性分配!D$11+属性分配!D$12+1)*$B31/$B$34} -> 0.4 | E31: {=INDEX(属性分配!$C$13:$J$13,MATCH(E$28,属性分配!$C$3:$J$3,FALSE))/(属性分配!E$11+属性分配!E$12+1)*$B31/$B$34} -> 0.4 | F31: {=INDEX(属性分配!$C$13:$J$13,MATCH(F$28,属性分配!$C$3:$J$3,FALSE))/(属性分配!F$11+属性分配!F$12+1)*$B31/$B$34} -> 0.4 | G31: {=INDEX(属性分配!$C$13:$J$13,MATCH(G$28,属性分配!$C$3:$J$3,FALSE))/(属性分配!G$11+属性分配!G$12+1)*$B31/$B$34} -> 0.4 | H31: {=INDEX(属性分配!$C$13:$J$13,MATCH(H$28,属性分配!$C$3:$J$3,FALSE))/(属性分配!H$11+属性分配!H$12+1)*$B31/$B$34} -> 0.3 | I31: {=INDEX(属性分配!$C$13:$J$13,MATCH(I$28,属性分配!$C$3:$J$3,FALSE))/(属性分配!I$11+属性分配!I$12+1)*$B31/$B$34} -> 0.3 | J31: {=INDEX(属性分配!$C$13:$J$13,MATCH(J$28,属性分配!$C$3:$J$3,FALSE))/(属性分配!J$11+属性分配!J$12+1)*$B31/$B$34} -> 0.3 | M31: 1 | T31: 1 | U31: 0.05 | V31: 0.025
B32: 3 | C32: {=INDEX(属性分配!$C$13:$J$13,MATCH(C$28,属性分配!$C$3:$J$3,FALSE))/(属性分配!C$11+属性分配!C$12+1)*$B32/$B$34} -> 1.2 | D32: {=INDEX(属性分配!$C$13:$J$13,MATCH(D$28,属性分配!$C$3:$J$3,FALSE))/(属性分配!D$11+属性分配!D$12+1)*$B32/$B$34} -> 0.6 | E32: {=INDEX(属性分配!$C$13:$J$13,MATCH(E$28,属性分配!$C$3:$J$3,FALSE))/(属性分配!E$11+属性分配!E$12+1)*$B32/$B$34} -> 0.6 | F32: {=INDEX(属性分配!$C$13:$J$13,MATCH(F$28,属性分配!$C$3:$J$3,FALSE))/(属性分配!F$11+属性分配!F$12+1)*$B32/$B$34} -> 0.6 | G32: {=INDEX(属性分配!$C$13:$J$13,MATCH(G$28,属性分配!$C$3:$J$3,FALSE))/(属性分配!G$11+属性分配!G$12+1)*$B32/$B$34} -> 0.6 | H32: {=INDEX(属性分配!$C$13:$J$13,MATCH(H$28,属性分配!$C$3:$J$3,FALSE))/(属性分配!H$11+属性分配!H$12+1)*$B32/$B$34} -> 0.45 | I32: {=INDEX(属性分配!$C$13:$J$13,MATCH(I$28,属性分配!$C$3:$J$3,FALSE))/(属性分配!I$11+属性分配!I$12+1)*$B32/$B$34} -> 0.45 | J32: {=INDEX(属性分配!$C$13:$J$13,MATCH(J$28,属性分配!$C$3:$J$3,FALSE))/(属性分配!J$11+属性分配!J$12+1)*$B32/$B$34} -> 0.45 | M32: 1 | T32: 2 | U32: 0.1 | V32: 0.05
B33: 4 | C33: {=INDEX(属性分配!$C$13:$J$13,MATCH(C$28,属性分配!$C$3:$J$3,FALSE))/(属性分配!C$11+属性分配!C$12+1)*$B33/$B$34} -> 1.6 | D33: {=INDEX(属性分配!$C$13:$J$13,MATCH(D$28,属性分配!$C$3:$J$3,FALSE))/(属性分配!D$11+属性分配!D$12+1)*$B33/$B$34} -> 0.8 | E33: {=INDEX(属性分配!$C$13:$J$13,MATCH(E$28,属性分配!$C$3:$J$3,FALSE))/(属性分配!E$11+属性分配!E$12+1)*$B33/$B$34} -> 0.8 | F33: {=INDEX(属性分配!$C$13:$J$13,MATCH(F$28,属性分配!$C$3:$J$3,FALSE))/(属性分配!F$11+属性分配!F$12+1)*$B33/$B$34} -> 0.8 | G33: {=INDEX(属性分配!$C$13:$J$13,MATCH(G$28,属性分配!$C$3:$J$3,FALSE))/(属性分配!G$11+属性分配!G$12+1)*$B33/$B$34} -> 0.8 | H33: {=INDEX(属性分配!$C$13:$J$13,MATCH(H$28,属性分配!$C$3:$J$3,FALSE))/(属性分配!H$11+属性分配!H$12+1)*$B33/$B$34} -> 0.6 | I33: {=INDEX(属性分配!$C$13:$J$13,MATCH(I$28,属性分配!$C$3:$J$3,FALSE))/(属性分配!I$11+属性分配!I$12+1)*$B33/$B$34} -> 0.6 | J33: {=INDEX(属性分配!$C$13:$J$13,MATCH(J$28,属性分配!$C$3:$J$3,FALSE))/(属性分配!J$11+属性分配!J$12+1)*$B33/$B$34} -> 0.6 | M33: 1 | T33: 3 | U33: 0.175 | V33: 0.075
B34: 5 | C34: {=INDEX(属性分配!$C$13:$J$13,MATCH(C$28,属性分配!$C$3:$J$3,FALSE))/(属性分配!C$11+属性分配!C$12+1)*$B34/$B$34} -> 2 | D34: {=INDEX(属性分配!$C$13:$J$13,MATCH(D$28,属性分配!$C$3:$J$3,FALSE))/(属性分配!D$11+属性分配!D$12+1)*$B34/$B$34} -> 1 | E34: {=INDEX(属性分配!$C$13:$J$13,MATCH(E$28,属性分配!$C$3:$J$3,FALSE))/(属性分配!E$11+属性分配!E$12+1)*$B34/$B$34} -> 1 | F34: {=INDEX(属性分配!$C$13:$J$13,MATCH(F$28,属性分配!$C$3:$J$3,FALSE))/(属性分配!F$11+属性分配!F$12+1)*$B34/$B$34} -> 1 | G34: {=INDEX(属性分配!$C$13:$J$13,MATCH(G$28,属性分配!$C$3:$J$3,FALSE))/(属性分配!G$11+属性分配!G$12+1)*$B34/$B$34} -> 1 | H34: {=INDEX(属性分配!$C$13:$J$13,MATCH(H$28,属性分配!$C$3:$J$3,FALSE))/(属性分配!H$11+属性分配!H$12+1)*$B34/$B$34} -> 0.75 | I34: {=INDEX(属性分配!$C$13:$J$13,MATCH(I$28,属性分配!$C$3:$J$3,FALSE))/(属性分配!I$11+属性分配!I$12+1)*$B34/$B$34} -> 0.75 | J34: {=INDEX(属性分配!$C$13:$J$13,MATCH(J$28,属性分配!$C$3:$J$3,FALSE))/(属性分配!J$11+属性分配!J$12+1)*$B34/$B$34} -> 0.75 | M34: 1 | T34: 4 | U34: 0.25 | V34: 0.1
B35: 备注：基础属性为1，升级提升比例为3，等于升星在1+3 =4的基础上提升了6 | P35: =0.02/20 -> 0.001 | T35: 5 | U35: 0.35 | V35: 0.13 | Y35: 0.1
B36: 使用BasePct增长，使升星不至于一下获得全部属性，而需要等级提升同步增长。另外升星可以拆为每星等比例，和突破有一定区分 | T36: 6 | U36: 0.45 | V36: 0.16
L37: 0.6 | M37: 0.4 | R37: =0.21/6 -> 0.035 | T37: 7 | U37: 0.575 | V37: 0.2
B38: 卡牌突破 BasePct | L38: 0.03 | M38: 20 | N38: 5 | T38: 8 | U38: 0.7 | V38: 0.25
A39: 等级需求 | B39: 突破层级 | C39: 生命值 | D39: 外攻 | E39: 内攻 | F39: 外防 | G39: 内防 | H39: 农牧 | I39: 学识 | J39: 手工 | K39: 属性占比 | L39: 单项加成比 | M39: 弟子实际投放 | N39: 换算实力模型比例 | O39: 消耗 | P39: 资源来源 | T39: 9 | U39: 0.85 | V39: 0.3
B40: 0 | C40: 0 | D40: 0 | E40: 0 | F40: 0 | G40: 0 | H40: 0 | I40: 0 | J40: 0 | K40: 0 | L40: 0 | N40: 0 | O40: 突破丹 | P40: 爬塔，副本通关 | T40: 10 | U40: 1 | V40: 0.35
A41: 6 | B41: 1 | C41: =C$60*$K41 -> 0.075 | D41: =D$60*$K41 -> 0.075 | E41: =E$60*$K41 -> 0.075 | F41: =F$60*$K41 -> 0.05 | G41: =G$60*$K41 -> 0.05 | H41: =H$60*$K41 -> 0 | I41: =I$60*$K41 -> 0 | J41: =J$60*$K41 -> 0 | K41: 0.025 | L41: =K41 -> 0.025 | N41: =L41/5 -> 0.005 | O41: 卡牌 | P41: 抽卡 | Q41: 0.025 | T41: 11 | V41: 0.4
A42: 12 | B42: 2 | C42: =C$60*$K42 -> 0.15 | D42: =D$60*$K42 -> 0.15 | E42: =E$60*$K42 -> 0.15 | F42: =F$60*$K42 -> 0.1 | G42: =G$60*$K42 -> 0.1 | H42: =H$60*$K42 -> 0 | I42: =I$60*$K42 -> 0 | J42: =J$60*$K42 -> 0 | K42: 0.05 | L42: =K42-K41 -> 0.025 | N42: =L42/$N$38+N41 -> 0.01 | Q42: 0.05 | T42: 12 | V42: 0.45
A43: 18 | B43: 3 | C43: =C$60*$K43 -> 0.225 | D43: =D$60*$K43 -> 0.225 | E43: =E$60*$K43 -> 0.225 | F43: =F$60*$K43 -> 0.15 | G43: =G$60*$K43 -> 0.15 | H43: =H$60*$K43 -> 0 | I43: =I$60*$K43 -> 0 | J43: =J$60*$K43 -> 0 | K43: 0.075 | L43: =K43-K42 -> 0.025 | N43: =L43/$N$38+N42 -> 0.015 | Q43: 0.075 | T43: 13 | V43: 0.51
A44: 24 | B44: 4 | C44: =C$60*$K44 -> 0.3 | D44: =D$60*$K44 -> 0.3 | E44: =E$60*$K44 -> 0.3 | F44: =F$60*$K44 -> 0.2 | G44: =G$60*$K44 -> 0.2 | H44: =H$60*$K44 -> 0 | I44: =I$60*$K44 -> 0 | J44: =J$60*$K44 -> 0 | K44: 0.1 | L44: =K44-K43 -> 0.025 | N44: =L44/$N$38+N43 -> 0.02 | Q44: 0.1 | T44: 14 | V44: 0.57
A45: 30 | B45: 5 | C45: =C$60*$K45 -> 0.39 | D45: =D$60*$K45 -> 0.39 | E45: =E$60*$K45 -> 0.39 | F45: =F$60*$K45 -> 0.26 | G45: =G$60*$K45 -> 0.26 | H45: =H$60*$K45 -> 0 | I45: =I$60*$K45 -> 0 | J45: =J$60*$K45 -> 0 | K45: 0.13 | L45: =K45-K44 -> 0.03 | M45: =L45+SUM(L41:L44)/5 -> 0.05 | N45: =L45+N44 -> 0.05 | Q45: 0.13 | T45: 15 | V45: 0.63 | Y45: 0.3
A46: 36 | B46: 6 | C46: =C$60*$K46 -> 0.48 | D46: =D$60*$K46 -> 0.48 | E46: =E$60*$K46 -> 0.48 | F46: =F$60*$K46 -> 0.32 | G46: =G$60*$K46 -> 0.32 | H46: =H$60*$K46 -> 0 | I46: =I$60*$K46 -> 0 | J46: =J$60*$K46 -> 0 | K46: 0.16 | L46: =K46-K45 -> 0.03 | N46: =L46/$N$38+N45 -> 0.056 | Q46: 0.16 | T46: 16 | V46: 0.7
A47: 42 | B47: 7 | C47: =C$60*$K47 -> 0.6 | D47: =D$60*$K47 -> 0.6 | E47: =E$60*$K47 -> 0.6 | F47: =F$60*$K47 -> 0.4 | G47: =G$60*$K47 -> 0.4 | H47: =H$60*$K47 -> 0 | I47: =I$60*$K47 -> 0 | J47: =J$60*$K47 -> 0 | K47: 0.2 | L47: =K47-K46 -> 0.04 | N47: =L47/$N$38+N46 -> 0.064 | Q47: 0.2 | T47: 17 | V47: 0.76
A48: 48 | B48: 8 | C48: =C$60*$K48 -> 0.75 | D48: =D$60*$K48 -> 0.75 | E48: =E$60*$K48 -> 0.75 | F48: =F$60*$K48 -> 0.5 | G48: =G$60*$K48 -> 0.5 | H48: =H$60*$K48 -> 0 | I48: =I$60*$K48 -> 0 | J48: =J$60*$K48 -> 0 | K48: 0.25 | L48: =K48-K47 -> 0.05 | N48: =L48/$N$38+N47 -> 0.074 | Q48: 0.25 | T48: 18 | V48: 0.85
A49: 54 | B49: 9 | C49: =C$60*$K49 -> 0.9 | D49: =D$60*$K49 -> 0.9 | E49: =E$60*$K49 -> 0.9 | F49: =F$60*$K49 -> 0.6 | G49: =G$60*$K49 -> 0.6 | H49: =H$60*$K49 -> 0 | I49: =I$60*$K49 -> 0 | J49: =J$60*$K49 -> 0 | K49: 0.3 | L49: =K49-K48 -> 0.05 | M49: =SUM(L46:L49)/5 -> 0.034 | N49: =L49/$N$38+N48 -> 0.084 | Q49: 0.3 | T49: 19 | V49: 0.92
A50: 60 | B50: 10 | C50: =C$60*$K50 -> 1.05 | D50: =D$60*$K50 -> 1.05 | E50: =E$60*$K50 -> 1.05 | F50: =F$60*$K50 -> 0.7 | G50: =G$60*$K50 -> 0.7 | H50: =H$60*$K50 -> 0 | I50: =I$60*$K50 -> 0 | J50: =J$60*$K50 -> 0 | K50: 0.35 | L50: =K50-K49 -> 0.05 | N50: =L50+N49 -> 0.134 | Q50: 0.35 | T50: 20 | V50: 1
A51: 64 | B51: 11 | C51: =C$60*$K51 -> 1.2 | D51: =D$60*$K51 -> 1.2 | E51: =E$60*$K51 -> 1.2 | F51: =F$60*$K51 -> 0.8 | G51: =G$60*$K51 -> 0.8 | H51: =H$60*$K51 -> 0 | I51: =I$60*$K51 -> 0 | J51: =J$60*$K51 -> 0 | K51: 0.4 | L51: =K51-K50 -> 0.05 | N51: =N50+L51/5 -> 0.144 | Q51: 0.4
A52: 68 | B52: 12 | C52: =C$60*$K52 -> 1.35 | D52: =D$60*$K52 -> 1.35 | E52: =E$60*$K52 -> 1.35 | F52: =F$60*$K52 -> 0.9 | G52: =G$60*$K52 -> 0.9 | H52: =H$60*$K52 -> 0 | I52: =I$60*$K52 -> 0 | J52: =J$60*$K52 -> 0 | K52: 0.45 | L52: =K52-K51 -> 0.05 | N52: =N51+L52/5 -> 0.154 | Q52: 0.45
A53: 72 | B53: 13 | C53: =C$60*$K53 -> 1.53 | D53: =D$60*$K53 -> 1.53 | E53: =E$60*$K53 -> 1.53 | F53: =F$60*$K53 -> 1.02 | G53: =G$60*$K53 -> 1.02 | H53: =H$60*$K53 -> 0 | I53: =I$60*$K53 -> 0 | J53: =J$60*$K53 -> 0 | K53: 0.51 | L53: =K53-K52 -> 0.06 | N53: =N52+L53/5 -> 0.166 | Q53: 0.51
A54: 76 | B54: 14 | C54: =C$60*$K54 -> 1.71 | D54: =D$60*$K54 -> 1.71 | E54: =E$60*$K54 -> 1.71 | F54: =F$60*$K54 -> 1.14 | G54: =G$60*$K54 -> 1.14 | H54: =H$60*$K54 -> 0 | I54: =I$60*$K54 -> 0 | J54: =J$60*$K54 -> 0 | K54: 0.57 | L54: =K54-K53 -> 0.06 | N54: =N53+L54/5 -> 0.178 | Q54: 0.57
A55: 80 | B55: 15 | C55: =C$60*$K55 -> 1.89 | D55: =D$60*$K55 -> 1.89 | E55: =E$60*$K55 -> 1.89 | F55: =F$60*$K55 -> 1.26 | G55: =G$60*$K55 -> 1.26 | H55: =H$60*$K55 -> 0 | I55: =I$60*$K55 -> 0 | J55: =J$60*$K55 -> 0 | K55: 0.63 | L55: =K55-K54 -> 0.06 | M55: =L55+SUM(L51:L54)/5 -> 0.104 | N55: =L55+N54 -> 0.238 | Q55: 0.63
A56: 84 | B56: 16 | C56: =C$60*$K56 -> 2.1 | D56: =D$60*$K56 -> 2.1 | E56: =E$60*$K56 -> 2.1 | F56: =F$60*$K56 -> 1.4 | G56: =G$60*$K56 -> 1.4 | H56: =H$60*$K56 -> 0 | I56: =I$60*$K56 -> 0 | J56: =J$60*$K56 -> 0 | K56: 0.7 | L56: =K56-K55 -> 0.07 | N56: =L56/5+N55 -> 0.252 | Q56: 0.7
A57: 88 | B57: 17 | C57: =C$60*$K57 -> 2.31 | D57: =D$60*$K57 -> 2.31 | E57: =E$60*$K57 -> 2.31 | F57: =F$60*$K57 -> 1.54 | G57: =G$60*$K57 -> 1.54 | H57: =H$60*$K57 -> 0 | I57: =I$60*$K57 -> 0 | J57: =J$60*$K57 -> 0 | K57: 0.77 | L57: =K57-K56 -> 0.07 | N57: =L57/5+N56 -> 0.266 | Q57: 0.77
A58: 92 | B58: 18 | C58: =C$60*$K58 -> 2.52 | D58: =D$60*$K58 -> 2.52 | E58: =E$60*$K58 -> 2.52 | F58: =F$60*$K58 -> 1.68 | G58: =G$60*$K58 -> 1.68 | H58: =H$60*$K58 -> 0 | I58: =I$60*$K58 -> 0 | J58: =J$60*$K58 -> 0 | K58: 0.84 | L58: =K58-K57 -> 0.07 | N58: =L58/5+N57 -> 0.28 | Q58: 0.84
A59: 96 | B59: 19 | C59: =C$60*$K59 -> 2.73 | D59: =D$60*$K59 -> 2.73 | E59: =E$60*$K59 -> 2.73 | F59: =F$60*$K59 -> 1.82 | G59: =G$60*$K59 -> 1.82 | H59: =H$60*$K59 -> 0 | I59: =I$60*$K59 -> 0 | J59: =J$60*$K59 -> 0 | K59: 0.91 | L59: =K59-K58 -> 0.07 | M59: =SUM(L56:L59)/5 -> 0.056 | N59: =L59/5+N58 -> 0.294 | Q59: 0.91
A60: 100 | B60: 20 | C60: {=INDEX(属性分配!$C$12:$J$12,MATCH(C$39,属性分配!$C$3:$J$3,FALSE))} -> 3 | D60: {=INDEX(属性分配!$C$12:$J$12,MATCH(D$39,属性分配!$C$3:$J$3,FALSE))} -> 3 | E60: {=INDEX(属性分配!$C$12:$J$12,MATCH(E$39,属性分配!$C$3:$J$3,FALSE))} -> 3 | F60: {=INDEX(属性分配!$C$12:$J$12,MATCH(F$39,属性分配!$C$3:$J$3,FALSE))} -> 2 | G60: {=INDEX(属性分配!$C$12:$J$12,MATCH(G$39,属性分配!$C$3:$J$3,FALSE))} -> 2 | H60: {=INDEX(属性分配!$C$12:$J$12,MATCH(H$39,属性分配!$C$3:$J$3,FALSE))} -> 0 | I60: {=INDEX(属性分配!$C$12:$J$12,MATCH(I$39,属性分配!$C$3:$J$3,FALSE))} -> 0 | J60: {=INDEX(属性分配!$C$12:$J$12,MATCH(J$39,属性分配!$C$3:$J$3,FALSE))} -> 0 | K60: 1 | L60: =K60-K59 -> 0.09 | N60: =L60+N59 -> 0.384 | Q60: 1
M61: =SUM(M40:M60) -> 0.244
B62: 备注：5,15级会投放基础属性一定比例，1~4,6~9,11~14,16~19投放单项基础属性。10，20投放技能机制
R63: 基础值 | S63: 成长值 | T63: 固定值
L64: =1/400 -> 0.0025 | M64: =0.008 -> 0.008 | S64: 0.01 | T64: 0.01
A66: 弟子升级
C67: 可修改突破和星级 | E67: =属性分配!C7 -> 0.5 | F67: =属性分配!D7 -> 4 | G67: =属性分配!E7 -> 4 | H67: =属性分配!F7 -> 2 | I67: =属性分配!G7 -> 2 | Q67: 总经验 | R67: 1000000000 | T67: =INT(3.6^9) -> 101559
B68: 等级 | C68: 突破 | D68: 星级 | E68: 生命值 | F68: 外攻 | G68: 内攻 | H68: 外防 | I68: 内防 | K68: 战力 | Q68: 等级 | R68: 等级段等级 | S68: 分配经验值 | T68: 权重比 | U68: 均值 | V68: 方差 | W68: 最小值 | X68: 最大值 | Y68: 经验差 | Z68: 经验差评估
B69: 1 | C69: 0 | D69: 0 | E69: {=ROUND((INDEX(属性分配!$C$4:$G$4,MATCH(E$68,属性分配!$C$3:$G$3,FALSE))+$B69*INDEX($C$18:$G$18,MATCH(E$68,$C$17:$G$17,FALSE))+INDEX($C$40:$G$60,MATCH($C69,$B$40:$B$60,FALSE),MATCH(E$68,$C$39:$G$39,FALSE))*INDEX(属性分配!$C$4:$G$4,MATCH(E$68,属性分配!$C$3:$G$3,FALSE)))*(1+INDEX($C$29:$G$34,MATCH($D69,$B$29:$B$34,FALSE),MATCH(E$68,$C$28:$G$28,FALSE))),2)} -> 309 | F69: {=ROUND((INDEX(属性分配!$C$4:$G$4,MATCH(F$68,属性分配!$C$3:$G$3,FALSE))+$B69*INDEX($C$18:$G$18,MATCH(F$68,$C$17:$G$17,FALSE))+INDEX($C$40:$G$60,MATCH($C69,$B$40:$B$60,FALSE),MATCH(F$68,$C$39:$G$39,FALSE))*INDEX(属性分配!$C$4:$G$4,MATCH(F$68,属性分配!$C$3:$G$3,FALSE)))*(1+INDEX($C$29:$G$34,MATCH($D69,$B$29:$B$34,FALSE),MATCH(F$68,$C$28:$G$28,FALSE))),2)} -> 51.5 | G69: {=ROUND((INDEX(属性分配!$C$4:$G$4,MATCH(G$68,属性分配!$C$3:$G$3,FALSE))+$B69*INDEX($C$18:$G$18,MATCH(G$68,$C$17:$G$17,FALSE))+INDEX($C$40:$G$60,MATCH($C69,$B$40:$B$60,FALSE),MATCH(G$68,$C$39:$G$39,FALSE))*INDEX(属性分配!$C$4:$G$4,MATCH(G$68,属性分配!$C$3:$G$3,FALSE)))*(1+INDEX($C$29:$G$34,MATCH($D69,$B$29:$B$34,FALSE),MATCH(G$68,$C$28:$G$28,FALSE))),2)} -> 51.5 | H69: {=ROUND((INDEX(属性分配!$C$4:$G$4,MATCH(H$68,属性分配!$C$3:$G$3,FALSE))+$B69*INDEX($C$18:$G$18,MATCH(H$68,$C$17:$G$17,FALSE))+INDEX($C$40:$G$60,MATCH($C69,$B$40:$B$60,FALSE),MATCH(H$68,$C$39:$G$39,FALSE))*INDEX(属性分配!$C$4:$G$4,MATCH(H$68,属性分配!$C$3:$G$3,FALSE)))*(1+INDEX($C$29:$G$34,MATCH($D69,$B$29:$B$34,FALSE),MATCH(H$68,$C$28:$G$28,FALSE))),2)} -> 51 | I69: {=ROUND((INDEX(属性分配!$C$4:$G$4,MATCH(I$68,属性分配!$C$3:$G$3,FALSE))+$B69*INDEX($C$18:$G$18,MATCH(I$68,$C$17:$G$17,FALSE))+INDEX($C$40:$G$60,MATCH($C69,$B$40:$B$60,FALSE),MATCH(I$68,$C$39:$G$39,FALSE))*INDEX(属性分配!$C$4:$G$4,MATCH(I$68,属性分配!$C$3:$G$3,FALSE)))*(1+INDEX($C$29:$G$34,MATCH($D69,$B$29:$B$34,FALSE),MATCH(I$68,$C$28:$G$28,FALSE))),2)} -> 51 | K69: {=SUMPRODUCT(E69:I69,$E$67:$I$67)} -> 770.5 | Q69: 0 | R69: 10 | S69: =$R$67/$T$80*T69 -> 10000 | T69: 1 | U69: =S69/(Q70-Q69) -> 1000 | V69: 200 | W69: =U69-V69*(R69/2-0.5) -> 100 | X69: =U69+V69*(R69/2-0.5) -> 1900 | Y69: =W70-X69 -> 300 | Z69: =IF(AND(Y69>V69,V70>Y69),TRUE,FALSE) -> TRUE
B70: 2 | C70: 0 | D70: 0 | E70: {=ROUND((INDEX(属性分配!$C$4:$G$4,MATCH(E$68,属性分配!$C$3:$G$3,FALSE))+$B70*INDEX($C$18:$G$18,MATCH(E$68,$C$17:$G$17,FALSE))+INDEX($C$40:$G$60,MATCH($C70,$B$40:$B$60,FALSE),MATCH(E$68,$C$39:$G$39,FALSE))*INDEX(属性分配!$C$4:$G$4,MATCH(E$68,属性分配!$C$3:$G$3,FALSE)))*(1+INDEX($C$29:$G$34,MATCH($D70,$B$29:$B$34,FALSE),MATCH(E$68,$C$28:$G$28,FALSE))),2)} -> 318 | F70: {=ROUND((INDEX(属性分配!$C$4:$G$4,MATCH(F$68,属性分配!$C$3:$G$3,FALSE))+$B70*INDEX($C$18:$G$18,MATCH(F$68,$C$17:$G$17,FALSE))+INDEX($C$40:$G$60,MATCH($C70,$B$40:$B$60,FALSE),MATCH(F$68,$C$39:$G$39,FALSE))*INDEX(属性分配!$C$4:$G$4,MATCH(F$68,属性分配!$C$3:$G$3,FALSE)))*(1+INDEX($C$29:$G$34,MATCH($D70,$B$29:$B$34,FALSE),MATCH(F$68,$C$28:$G$28,FALSE))),2)} -> 53 | G70: {=ROUND((INDEX(属性分配!$C$4:$G$4,MATCH(G$68,属性分配!$C$3:$G$3,FALSE))+$B70*INDEX($C$18:$G$18,MATCH(G$68,$C$17:$G$17,FALSE))+INDEX($C$40:$G$60,MATCH($C70,$B$40:$B$60,FALSE),MATCH(G$68,$C$39:$G$39,FALSE))*INDEX(属性分配!$C$4:$G$4,MATCH(G$68,属性分配!$C$3:$G$3,FALSE)))*(1+INDEX($C$29:$G$34,MATCH($D70,$B$29:$B$34,FALSE),MATCH(G$68,$C$28:$G$28,FALSE))),2)} -> 53 | H70: {=ROUND((INDEX(属性分配!$C$4:$G$4,MATCH(H$68,属性分配!$C$3:$G$3,FALSE))+$B70*INDEX($C$18:$G$18,MATCH(H$68,$C$17:$G$17,FALSE))+INDEX($C$40:$G$60,MATCH($C70,$B$40:$B$60,FALSE),MATCH(H$68,$C$39:$G$39,FALSE))*INDEX(属性分配!$C$4:$G$4,MATCH(H$68,属性分配!$C$3:$G$3,FALSE)))*(1+INDEX($C$29:$G$34,MATCH($D70,$B$29:$B$34,FALSE),MATCH(H$68,$C$28:$G$28,FALSE))),2)} -> 52 | I70: {=ROUND((INDEX(属性分配!$C$4:$G$4,MATCH(I$68,属性分配!$C$3:$G$3,FALSE))+$B70*INDEX($C$18:$G$18,MATCH(I$68,$C$17:$G$17,FALSE))+INDEX($C$40:$G$60,MATCH($C70,$B$40:$B$60,FALSE),MATCH(I$68,$C$39:$G$39,FALSE))*INDEX(属性分配!$C$4:$G$4,MATCH(I$68,属性分配!$C$3:$G$3,FALSE)))*(1+INDEX($C$29:$G$34,MATCH($D70,$B$29:$B$34,FALSE),MATCH(I$68,$C$28:$G$28,FALSE))),2)} -> 52 | K70: {=SUMPRODUCT(E70:I70,$E$67:$I$67)} -> 791 | Q70: 10 | R70: 10 | S70: =$R$67/$T$80*T70 -> 40000 | T70: 4 | U70: =S70/(Q71-Q70) -> 4000 | V70: 400 | W70: =U70-V70*(R70/2-0.5) -> 2200 | X70: =U70+V70*(R70/2-0.5) -> 5800 | Y70: =W71-X70 -> 1200 | Z70: =IF(AND(Y70>V70,V71>Y70),TRUE,FALSE) -> TRUE
B71: 3 | C71: 0 | D71: 0 | E71: {=ROUND((INDEX(属性分配!$C$4:$G$4,MATCH(E$68,属性分配!$C$3:$G$3,FALSE))+$B71*INDEX($C$18:$G$18,MATCH(E$68,$C$17:$G$17,FALSE))+INDEX($C$40:$G$60,MATCH($C71,$B$40:$B$60,FALSE),MATCH(E$68,$C$39:$G$39,FALSE))*INDEX(属性分配!$C$4:$G$4,MATCH(E$68,属性分配!$C$3:$G$3,FALSE)))*(1+INDEX($C$29:$G$34,MATCH($D71,$B$29:$B$34,FALSE),MATCH(E$68,$C$28:$G$28,FALSE))),2)} -> 327 | F71: {=ROUND((INDEX(属性分配!$C$4:$G$4,MATCH(F$68,属性分配!$C$3:$G$3,FALSE))+$B71*INDEX($C$18:$G$18,MATCH(F$68,$C$17:$G$17,FALSE))+INDEX($C$40:$G$60,MATCH($C71,$B$40:$B$60,FALSE),MATCH(F$68,$C$39:$G$39,FALSE))*INDEX(属性分配!$C$4:$G$4,MATCH(F$68,属性分配!$C$3:$G$3,FALSE)))*(1+INDEX($C$29:$G$34,MATCH($D71,$B$29:$B$34,FALSE),MATCH(F$68,$C$28:$G$28,FALSE))),2)} -> 54.5 | G71: {=ROUND((INDEX(属性分配!$C$4:$G$4,MATCH(G$68,属性分配!$C$3:$G$3,FALSE))+$B71*INDEX($C$18:$G$18,MATCH(G$68,$C$17:$G$17,FALSE))+INDEX($C$40:$G$60,MATCH($C71,$B$40:$B$60,FALSE),MATCH(G$68,$C$39:$G$39,FALSE))*INDEX(属性分配!$C$4:$G$4,MATCH(G$68,属性分配!$C$3:$G$3,FALSE)))*(1+INDEX($C$29:$G$34,MATCH($D71,$B$29:$B$34,FALSE),MATCH(G$68,$C$28:$G$28,FALSE))),2)} -> 54.5 | H71: {=ROUND((INDEX(属性分配!$C$4:$G$4,MATCH(H$68,属性分配!$C$3:$G$3,FALSE))+$B71*INDEX($C$18:$G$18,MATCH(H$68,$C$17:$G$17,FALSE))+INDEX($C$40:$G$60,MATCH($C71,$B$40:$B$60,FALSE),MATCH(H$68,$C$39:$G$39,FALSE))*INDEX(属性分配!$C$4:$G$4,MATCH(H$68,属性分配!$C$3:$G$3,FALSE)))*(1+INDEX($C$29:$G$34,MATCH($D71,$B$29:$B$34,FALSE),MATCH(H$68,$C$28:$G$28,FALSE))),2)} -> 53 | I71: {=ROUND((INDEX(属性分配!$C$4:$G$4,MATCH(I$68,属性分配!$C$3:$G$3,FALSE))+$B71*INDEX($C$18:$G$18,MATCH(I$68,$C$17:$G$17,FALSE))+INDEX($C$40:$G$60,MATCH($C71,$B$40:$B$60,FALSE),MATCH(I$68,$C$39:$G$39,FALSE))*INDEX(属性分配!$C$4:$G$4,MATCH(I$68,属性分配!$C$3:$G$3,FALSE)))*(1+INDEX($C$29:$G$34,MATCH($D71,$B$29:$B$34,FALSE),MATCH(I$68,$C$28:$G$28,FALSE))),2)} -> 53 | K71: {=SUMPRODUCT(E71:I71,$E$67:$I$67)} -> 811.5 | Q71: 20 | R71: 10 | S71: =$R$67/$T$80*T71 -> 160000 | T71: 16 | U71: =S71/(Q72-Q71) -> 16000 | V71: 2000 | W71: =U71-V71*(R71/2-0.5) -> 7000 | X71: =U71+V71*(R71/2-0.5) -> 25000 | Y71: =W72-X71 -> 3000 | Z71: =IF(AND(Y71>V71,V72>Y71),TRUE,FALSE) -> TRUE
B72: 4 | C72: 0 | D72: 0 | E72: {=ROUND((INDEX(属性分配!$C$4:$G$4,MATCH(E$68,属性分配!$C$3:$G$3,FALSE))+$B72*INDEX($C$18:$G$18,MATCH(E$68,$C$17:$G$17,FALSE))+INDEX($C$40:$G$60,MATCH($C72,$B$40:$B$60,FALSE),MATCH(E$68,$C$39:$G$39,FALSE))*INDEX(属性分配!$C$4:$G$4,MATCH(E$68,属性分配!$C$3:$G$3,FALSE)))*(1+INDEX($C$29:$G$34,MATCH($D72,$B$29:$B$34,FALSE),MATCH(E$68,$C$28:$G$28,FALSE))),2)} -> 336 | F72: {=ROUND((INDEX(属性分配!$C$4:$G$4,MATCH(F$68,属性分配!$C$3:$G$3,FALSE))+$B72*INDEX($C$18:$G$18,MATCH(F$68,$C$17:$G$17,FALSE))+INDEX($C$40:$G$60,MATCH($C72,$B$40:$B$60,FALSE),MATCH(F$68,$C$39:$G$39,FALSE))*INDEX(属性分配!$C$4:$G$4,MATCH(F$68,属性分配!$C$3:$G$3,FALSE)))*(1+INDEX($C$29:$G$34,MATCH($D72,$B$29:$B$34,FALSE),MATCH(F$68,$C$28:$G$28,FALSE))),2)} -> 56 | G72: {=ROUND((INDEX(属性分配!$C$4:$G$4,MATCH(G$68,属性分配!$C$3:$G$3,FALSE))+$B72*INDEX($C$18:$G$18,MATCH(G$68,$C$17:$G$17,FALSE))+INDEX($C$40:$G$60,MATCH($C72,$B$40:$B$60,FALSE),MATCH(G$68,$C$39:$G$39,FALSE))*INDEX(属性分配!$C$4:$G$4,MATCH(G$68,属性分配!$C$3:$G$3,FALSE)))*(1+INDEX($C$29:$G$34,MATCH($D72,$B$29:$B$34,FALSE),MATCH(G$68,$C$28:$G$28,FALSE))),2)} -> 56 | H72: {=ROUND((INDEX(属性分配!$C$4:$G$4,MATCH(H$68,属性分配!$C$3:$G$3,FALSE))+$B72*INDEX($C$18:$G$18,MATCH(H$68,$C$17:$G$17,FALSE))+INDEX($C$40:$G$60,MATCH($C72,$B$40:$B$60,FALSE),MATCH(H$68,$C$39:$G$39,FALSE))*INDEX(属性分配!$C$4:$G$4,MATCH(H$68,属性分配!$C$3:$G$3,FALSE)))*(1+INDEX($C$29:$G$34,MATCH($D72,$B$29:$B$34,FALSE),MATCH(H$68,$C$28:$G$28,FALSE))),2)} -> 54 | I72: {=ROUND((INDEX(属性分配!$C$4:$G$4,MATCH(I$68,属性分配!$C$3:$G$3,FALSE))+$B72*INDEX($C$18:$G$18,MATCH(I$68,$C$17:$G$17,FALSE))+INDEX($C$40:$G$60,MATCH($C72,$B$40:$B$60,FALSE),MATCH(I$68,$C$39:$G$39,FALSE))*INDEX(属性分配!$C$4:$G$4,MATCH(I$68,属性分配!$C$3:$G$3,FALSE)))*(1+INDEX($C$29:$G$34,MATCH($D72,$B$29:$B$34,FALSE),MATCH(I$68,$C$28:$G$28,FALSE))),2)} -> 54 | K72: {=SUMPRODUCT(E72:I72,$E$67:$I$67)} -> 832 | Q72: 30 | R72: 10 | S72: =$R$67/$T$80*T72 -> 640000 | T72: 64 | U72: =S72/(Q73-Q72) -> 64000 | V72: 8000 | W72: =U72-V72*(R72/2-0.5) -> 28000 | X72: =U72+V72*(R72/2-0.5) -> 100000 | Y72: =W73-X72 -> 11000 | Z72: =IF(AND(Y72>V72,V73>Y72),TRUE,FALSE) -> TRUE
B73: 5 | C73: 0 | D73: 0 | E73: {=ROUND((INDEX(属性分配!$C$4:$G$4,MATCH(E$68,属性分配!$C$3:$G$3,FALSE))+$B73*INDEX($C$18:$G$18,MATCH(E$68,$C$17:$G$17,FALSE))+INDEX($C$40:$G$60,MATCH($C73,$B$40:$B$60,FALSE),MATCH(E$68,$C$39:$G$39,FALSE))*INDEX(属性分配!$C$4:$G$4,MATCH(E$68,属性分配!$C$3:$G$3,FALSE)))*(1+INDEX($C$29:$G$34,MATCH($D73,$B$29:$B$34,FALSE),MATCH(E$68,$C$28:$G$28,FALSE))),2)} -> 345 | F73: {=ROUND((INDEX(属性分配!$C$4:$G$4,MATCH(F$68,属性分配!$C$3:$G$3,FALSE))+$B73*INDEX($C$18:$G$18,MATCH(F$68,$C$17:$G$17,FALSE))+INDEX($C$40:$G$60,MATCH($C73,$B$40:$B$60,FALSE),MATCH(F$68,$C$39:$G$39,FALSE))*INDEX(属性分配!$C$4:$G$4,MATCH(F$68,属性分配!$C$3:$G$3,FALSE)))*(1+INDEX($C$29:$G$34,MATCH($D73,$B$29:$B$34,FALSE),MATCH(F$68,$C$28:$G$28,FALSE))),2)} -> 57.5 | G73: {=ROUND((INDEX(属性分配!$C$4:$G$4,MATCH(G$68,属性分配!$C$3:$G$3,FALSE))+$B73*INDEX($C$18:$G$18,MATCH(G$68,$C$17:$G$17,FALSE))+INDEX($C$40:$G$60,MATCH($C73,$B$40:$B$60,FALSE),MATCH(G$68,$C$39:$G$39,FALSE))*INDEX(属性分配!$C$4:$G$4,MATCH(G$68,属性分配!$C$3:$G$3,FALSE)))*(1+INDEX($C$29:$G$34,MATCH($D73,$B$29:$B$34,FALSE),MATCH(G$68,$C$28:$G$28,FALSE))),2)} -> 57.5 | H73: {=ROUND((INDEX(属性分配!$C$4:$G$4,MATCH(H$68,属性分配!$C$3:$G$3,FALSE))+$B73*INDEX($C$18:$G$18,MATCH(H$68,$C$17:$G$17,FALSE))+INDEX($C$40:$G$60,MATCH($C73,$B$40:$B$60,FALSE),MATCH(H$68,$C$39:$G$39,FALSE))*INDEX(属性分配!$C$4:$G$4,MATCH(H$68,属性分配!$C$3:$G$3,FALSE)))*(1+INDEX($C$29:$G$34,MATCH($D73,$B$29:$B$34,FALSE),MATCH(H$68,$C$28:$G$28,FALSE))),2)} -> 55 | I73: {=ROUND((INDEX(属性分配!$C$4:$G$4,MATCH(I$68,属性分配!$C$3:$G$3,FALSE))+$B73*INDEX($C$18:$G$18,MATCH(I$68,$C$17:$G$17,FALSE))+INDEX($C$40:$G$60,MATCH($C73,$B$40:$B$60,FALSE),MATCH(I$68,$C$39:$G$39,FALSE))*INDEX(属性分配!$C$4:$G$4,MATCH(I$68,属性分配!$C$3:$G$3,FALSE)))*(1+INDEX($C$29:$G$34,MATCH($D73,$B$29:$B$34,FALSE),MATCH(I$68,$C$28:$G$28,FALSE))),2)} -> 55 | K73: {=SUMPRODUCT(E73:I73,$E$67:$I$67)} -> 852.5 | Q73: 40 | R73: 10 | S73: =$R$67/$T$80*T73 -> 1920000 | T73: =T72*3 -> 192 | U73: =S73/(Q74-Q73) -> 192000 | V73: 18000 | W73: =U73-V73*(R73/2-0.5) -> 111000 | X73: =U73+V73*(R73/2-0.5) -> 273000 | Y73: =W74-X73 -> 45000 | Z73: =IF(AND(Y73>V73,V74>Y73),TRUE,FALSE) -> TRUE
B74: 6 | C74: 0 | D74: 0 | E74: {=ROUND((INDEX(属性分配!$C$4:$G$4,MATCH(E$68,属性分配!$C$3:$G$3,FALSE))+$B74*INDEX($C$18:$G$18,MATCH(E$68,$C$17:$G$17,FALSE))+INDEX($C$40:$G$60,MATCH($C74,$B$40:$B$60,FALSE),MATCH(E$68,$C$39:$G$39,FALSE))*INDEX(属性分配!$C$4:$G$4,MATCH(E$68,属性分配!$C$3:$G$3,FALSE)))*(1+INDEX($C$29:$G$34,MATCH($D74,$B$29:$B$34,FALSE),MATCH(E$68,$C$28:$G$28,FALSE))),2)} -> 354 | F74: {=ROUND((INDEX(属性分配!$C$4:$G$4,MATCH(F$68,属性分配!$C$3:$G$3,FALSE))+$B74*INDEX($C$18:$G$18,MATCH(F$68,$C$17:$G$17,FALSE))+INDEX($C$40:$G$60,MATCH($C74,$B$40:$B$60,FALSE),MATCH(F$68,$C$39:$G$39,FALSE))*INDEX(属性分配!$C$4:$G$4,MATCH(F$68,属性分配!$C$3:$G$3,FALSE)))*(1+INDEX($C$29:$G$34,MATCH($D74,$B$29:$B$34,FALSE),MATCH(F$68,$C$28:$G$28,FALSE))),2)} -> 59 | G74: {=ROUND((INDEX(属性分配!$C$4:$G$4,MATCH(G$68,属性分配!$C$3:$G$3,FALSE))+$B74*INDEX($C$18:$G$18,MATCH(G$68,$C$17:$G$17,FALSE))+INDEX($C$40:$G$60,MATCH($C74,$B$40:$B$60,FALSE),MATCH(G$68,$C$39:$G$39,FALSE))*INDEX(属性分配!$C$4:$G$4,MATCH(G$68,属性分配!$C$3:$G$3,FALSE)))*(1+INDEX($C$29:$G$34,MATCH($D74,$B$29:$B$34,FALSE),MATCH(G$68,$C$28:$G$28,FALSE))),2)} -> 59 | H74: {=ROUND((INDEX(属性分配!$C$4:$G$4,MATCH(H$68,属性分配!$C$3:$G$3,FALSE))+$B74*INDEX($C$18:$G$18,MATCH(H$68,$C$17:$G$17,FALSE))+INDEX($C$40:$G$60,MATCH($C74,$B$40:$B$60,FALSE),MATCH(H$68,$C$39:$G$39,FALSE))*INDEX(属性分配!$C$4:$G$4,MATCH(H$68,属性分配!$C$3:$G$3,FALSE)))*(1+INDEX($C$29:$G$34,MATCH($D74,$B$29:$B$34,FALSE),MATCH(H$68,$C$28:$G$28,FALSE))),2)} -> 56 | I74: {=ROUND((INDEX(属性分配!$C$4:$G$4,MATCH(I$68,属性分配!$C$3:$G$3,FALSE))+$B74*INDEX($C$18:$G$18,MATCH(I$68,$C$17:$G$17,FALSE))+INDEX($C$40:$G$60,MATCH($C74,$B$40:$B$60,FALSE),MATCH(I$68,$C$39:$G$39,FALSE))*INDEX(属性分配!$C$4:$G$4,MATCH(I$68,属性分配!$C$3:$G$3,FALSE)))*(1+INDEX($C$29:$G$34,MATCH($D74,$B$29:$B$34,FALSE),MATCH(I$68,$C$28:$G$28,FALSE))),2)} -> 56 | K74: {=SUMPRODUCT(E74:I74,$E$67:$I$67)} -> 873 | Q74: 50 | R74: 10 | S74: =$R$67/$T$80*T74 -> 7680000 | T74: =T73*4 -> 768 | U74: =S74/(Q75-Q74) -> 768000 | V74: 100000 | W74: =U74-V74*(R74/2-0.5) -> 318000 | X74: =U74+V74*(R74/2-0.5) -> 1218000 | Y74: =W75-X74 -> 144000 | Z74: =IF(AND(Y74>V74,V75>Y74),TRUE,FALSE) -> TRUE
B75: 7 | C75: 0 | D75: 0 | E75: {=ROUND((INDEX(属性分配!$C$4:$G$4,MATCH(E$68,属性分配!$C$3:$G$3,FALSE))+$B75*INDEX($C$18:$G$18,MATCH(E$68,$C$17:$G$17,FALSE))+INDEX($C$40:$G$60,MATCH($C75,$B$40:$B$60,FALSE),MATCH(E$68,$C$39:$G$39,FALSE))*INDEX(属性分配!$C$4:$G$4,MATCH(E$68,属性分配!$C$3:$G$3,FALSE)))*(1+INDEX($C$29:$G$34,MATCH($D75,$B$29:$B$34,FALSE),MATCH(E$68,$C$28:$G$28,FALSE))),2)} -> 363 | F75: {=ROUND((INDEX(属性分配!$C$4:$G$4,MATCH(F$68,属性分配!$C$3:$G$3,FALSE))+$B75*INDEX($C$18:$G$18,MATCH(F$68,$C$17:$G$17,FALSE))+INDEX($C$40:$G$60,MATCH($C75,$B$40:$B$60,FALSE),MATCH(F$68,$C$39:$G$39,FALSE))*INDEX(属性分配!$C$4:$G$4,MATCH(F$68,属性分配!$C$3:$G$3,FALSE)))*(1+INDEX($C$29:$G$34,MATCH($D75,$B$29:$B$34,FALSE),MATCH(F$68,$C$28:$G$28,FALSE))),2)} -> 60.5 | G75: {=ROUND((INDEX(属性分配!$C$4:$G$4,MATCH(G$68,属性分配!$C$3:$G$3,FALSE))+$B75*INDEX($C$18:$G$18,MATCH(G$68,$C$17:$G$17,FALSE))+INDEX($C$40:$G$60,MATCH($C75,$B$40:$B$60,FALSE),MATCH(G$68,$C$39:$G$39,FALSE))*INDEX(属性分配!$C$4:$G$4,MATCH(G$68,属性分配!$C$3:$G$3,FALSE)))*(1+INDEX($C$29:$G$34,MATCH($D75,$B$29:$B$34,FALSE),MATCH(G$68,$C$28:$G$28,FALSE))),2)} -> 60.5 | H75: {=ROUND((INDEX(属性分配!$C$4:$G$4,MATCH(H$68,属性分配!$C$3:$G$3,FALSE))+$B75*INDEX($C$18:$G$18,MATCH(H$68,$C$17:$G$17,FALSE))+INDEX($C$40:$G$60,MATCH($C75,$B$40:$B$60,FALSE),MATCH(H$68,$C$39:$G$39,FALSE))*INDEX(属性分配!$C$4:$G$4,MATCH(H$68,属性分配!$C$3:$G$3,FALSE)))*(1+INDEX($C$29:$G$34,MATCH($D75,$B$29:$B$34,FALSE),MATCH(H$68,$C$28:$G$28,FALSE))),2)} -> 57 | I75: {=ROUND((INDEX(属性分配!$C$4:$G$4,MATCH(I$68,属性分配!$C$3:$G$3,FALSE))+$B75*INDEX($C$18:$G$18,MATCH(I$68,$C$17:$G$17,FALSE))+INDEX($C$40:$G$60,MATCH($C75,$B$40:$B$60,FALSE),MATCH(I$68,$C$39:$G$39,FALSE))*INDEX(属性分配!$C$4:$G$4,MATCH(I$68,属性分配!$C$3:$G$3,FALSE)))*(1+INDEX($C$29:$G$34,MATCH($D75,$B$29:$B$34,FALSE),MATCH(I$68,$C$28:$G$28,FALSE))),2)} -> 57 | K75: {=SUMPRODUCT(E75:I75,$E$67:$I$67)} -> 893.5 | Q75: 60 | R75: 10 | S75: =$R$67/$T$80*T75 -> 30720000 | T75: =T74*4 -> 3072 | U75: =S75/(Q76-Q75) -> 3072000 | V75: 380000 | W75: =U75-V75*(R75/2-0.5) -> 1362000 | X75: =U75+V75*(R75/2-0.5) -> 4782000 | Y75: =W76-X75 -> 691200 | Z75: =IF(AND(Y75>V75,V76>Y75),TRUE,FALSE) -> TRUE
B76: 8 | C76: 0 | D76: 0 | E76: {=ROUND((INDEX(属性分配!$C$4:$G$4,MATCH(E$68,属性分配!$C$3:$G$3,FALSE))+$B76*INDEX($C$18:$G$18,MATCH(E$68,$C$17:$G$17,FALSE))+INDEX($C$40:$G$60,MATCH($C76,$B$40:$B$60,FALSE),MATCH(E$68,$C$39:$G$39,FALSE))*INDEX(属性分配!$C$4:$G$4,MATCH(E$68,属性分配!$C$3:$G$3,FALSE)))*(1+INDEX($C$29:$G$34,MATCH($D76,$B$29:$B$34,FALSE),MATCH(E$68,$C$28:$G$28,FALSE))),2)} -> 372 | F76: {=ROUND((INDEX(属性分配!$C$4:$G$4,MATCH(F$68,属性分配!$C$3:$G$3,FALSE))+$B76*INDEX($C$18:$G$18,MATCH(F$68,$C$17:$G$17,FALSE))+INDEX($C$40:$G$60,MATCH($C76,$B$40:$B$60,FALSE),MATCH(F$68,$C$39:$G$39,FALSE))*INDEX(属性分配!$C$4:$G$4,MATCH(F$68,属性分配!$C$3:$G$3,FALSE)))*(1+INDEX($C$29:$G$34,MATCH($D76,$B$29:$B$34,FALSE),MATCH(F$68,$C$28:$G$28,FALSE))),2)} -> 62 | G76: {=ROUND((INDEX(属性分配!$C$4:$G$4,MATCH(G$68,属性分配!$C$3:$G$3,FALSE))+$B76*INDEX($C$18:$G$18,MATCH(G$68,$C$17:$G$17,FALSE))+INDEX($C$40:$G$60,MATCH($C76,$B$40:$B$60,FALSE),MATCH(G$68,$C$39:$G$39,FALSE))*INDEX(属性分配!$C$4:$G$4,MATCH(G$68,属性分配!$C$3:$G$3,FALSE)))*(1+INDEX($C$29:$G$34,MATCH($D76,$B$29:$B$34,FALSE),MATCH(G$68,$C$28:$G$28,FALSE))),2)} -> 62 | H76: {=ROUND((INDEX(属性分配!$C$4:$G$4,MATCH(H$68,属性分配!$C$3:$G$3,FALSE))+$B76*INDEX($C$18:$G$18,MATCH(H$68,$C$17:$G$17,FALSE))+INDEX($C$40:$G$60,MATCH($C76,$B$40:$B$60,FALSE),MATCH(H$68,$C$39:$G$39,FALSE))*INDEX(属性分配!$C$4:$G$4,MATCH(H$68,属性分配!$C$3:$G$3,FALSE)))*(1+INDEX($C$29:$G$34,MATCH($D76,$B$29:$B$34,FALSE),MATCH(H$68,$C$28:$G$28,FALSE))),2)} -> 58 | I76: {=ROUND((INDEX(属性分配!$C$4:$G$4,MATCH(I$68,属性分配!$C$3:$G$3,FALSE))+$B76*INDEX($C$18:$G$18,MATCH(I$68,$C$17:$G$17,FALSE))+INDEX($C$40:$G$60,MATCH($C76,$B$40:$B$60,FALSE),MATCH(I$68,$C$39:$G$39,FALSE))*INDEX(属性分配!$C$4:$G$4,MATCH(I$68,属性分配!$C$3:$G$3,FALSE)))*(1+INDEX($C$29:$G$34,MATCH($D76,$B$29:$B$34,FALSE),MATCH(I$68,$C$28:$G$28,FALSE))),2)} -> 58 | K76: {=SUMPRODUCT(E76:I76,$E$67:$I$67)} -> 914 | Q76: 70 | R76: 10 | S76: =$R$67/$T$80*T76 -> 95232000 | T76: =T75*3.1 -> 9523.2 | U76: =S76/(Q77-Q76) -> 9523200 | V76: 900000 | W76: =U76-V76*(R76/2-0.5) -> 5473200 | X76: =U76+V76*(R76/2-0.5) -> 13573200 | Y76: =W77-X76 -> 2171400 | Z76: =IF(AND(Y76>V76,V77>Y76),TRUE,FALSE) -> TRUE
B77: 9 | C77: 0 | D77: 0 | E77: {=ROUND((INDEX(属性分配!$C$4:$G$4,MATCH(E$68,属性分配!$C$3:$G$3,FALSE))+$B77*INDEX($C$18:$G$18,MATCH(E$68,$C$17:$G$17,FALSE))+INDEX($C$40:$G$60,MATCH($C77,$B$40:$B$60,FALSE),MATCH(E$68,$C$39:$G$39,FALSE))*INDEX(属性分配!$C$4:$G$4,MATCH(E$68,属性分配!$C$3:$G$3,FALSE)))*(1+INDEX($C$29:$G$34,MATCH($D77,$B$29:$B$34,FALSE),MATCH(E$68,$C$28:$G$28,FALSE))),2)} -> 381 | F77: {=ROUND((INDEX(属性分配!$C$4:$G$4,MATCH(F$68,属性分配!$C$3:$G$3,FALSE))+$B77*INDEX($C$18:$G$18,MATCH(F$68,$C$17:$G$17,FALSE))+INDEX($C$40:$G$60,MATCH($C77,$B$40:$B$60,FALSE),MATCH(F$68,$C$39:$G$39,FALSE))*INDEX(属性分配!$C$4:$G$4,MATCH(F$68,属性分配!$C$3:$G$3,FALSE)))*(1+INDEX($C$29:$G$34,MATCH($D77,$B$29:$B$34,FALSE),MATCH(F$68,$C$28:$G$28,FALSE))),2)} -> 63.5 | G77: {=ROUND((INDEX(属性分配!$C$4:$G$4,MATCH(G$68,属性分配!$C$3:$G$3,FALSE))+$B77*INDEX($C$18:$G$18,MATCH(G$68,$C$17:$G$17,FALSE))+INDEX($C$40:$G$60,MATCH($C77,$B$40:$B$60,FALSE),MATCH(G$68,$C$39:$G$39,FALSE))*INDEX(属性分配!$C$4:$G$4,MATCH(G$68,属性分配!$C$3:$G$3,FALSE)))*(1+INDEX($C$29:$G$34,MATCH($D77,$B$29:$B$34,FALSE),MATCH(G$68,$C$28:$G$28,FALSE))),2)} -> 63.5 | H77: {=ROUND((INDEX(属性分配!$C$4:$G$4,MATCH(H$68,属性分配!$C$3:$G$3,FALSE))+$B77*INDEX($C$18:$G$18,MATCH(H$68,$C$17:$G$17,FALSE))+INDEX($C$40:$G$60,MATCH($C77,$B$40:$B$60,FALSE),MATCH(H$68,$C$39:$G$39,FALSE))*INDEX(属性分配!$C$4:$G$4,MATCH(H$68,属性分配!$C$3:$G$3,FALSE)))*(1+INDEX($C$29:$G$34,MATCH($D77,$B$29:$B$34,FALSE),MATCH(H$68,$C$28:$G$28,FALSE))),2)} -> 59 | I77: {=ROUND((INDEX(属性分配!$C$4:$G$4,MATCH(I$68,属性分配!$C$3:$G$3,FALSE))+$B77*INDEX($C$18:$G$18,MATCH(I$68,$C$17:$G$17,FALSE))+INDEX($C$40:$G$60,MATCH($C77,$B$40:$B$60,FALSE),MATCH(I$68,$C$39:$G$39,FALSE))*INDEX(属性分配!$C$4:$G$4,MATCH(I$68,属性分配!$C$3:$G$3,FALSE)))*(1+INDEX($C$29:$G$34,MATCH($D77,$B$29:$B$34,FALSE),MATCH(I$68,$C$28:$G$28,FALSE))),2)} -> 59 | K77: {=SUMPRODUCT(E77:I77,$E$67:$I$67)} -> 934.5 | Q77: 80 | R77: 10 | S77: =$R$67/$T$80*T77 -> 285696000 | T77: =T76*3 -> 28569.6 | U77: =S77/(Q78-Q77) -> 28569600 | V77: 2850000 | W77: =U77-V77*(R77/2-0.5) -> 15744600 | X77: =U77+V77*(R77/2-0.5) -> 41394600 | Y77: =W78-X77 -> 2895600 | Z77: =IF(AND(Y77>V77,V78>Y77),TRUE,FALSE) -> TRUE
B78: 10 | C78: 0 | D78: 0 | E78: {=ROUND((INDEX(属性分配!$C$4:$G$4,MATCH(E$68,属性分配!$C$3:$G$3,FALSE))+$B78*INDEX($C$18:$G$18,MATCH(E$68,$C$17:$G$17,FALSE))+INDEX($C$40:$G$60,MATCH($C78,$B$40:$B$60,FALSE),MATCH(E$68,$C$39:$G$39,FALSE))*INDEX(属性分配!$C$4:$G$4,MATCH(E$68,属性分配!$C$3:$G$3,FALSE)))*(1+INDEX($C$29:$G$34,MATCH($D78,$B$29:$B$34,FALSE),MATCH(E$68,$C$28:$G$28,FALSE))),2)} -> 390 | F78: {=ROUND((INDEX(属性分配!$C$4:$G$4,MATCH(F$68,属性分配!$C$3:$G$3,FALSE))+$B78*INDEX($C$18:$G$18,MATCH(F$68,$C$17:$G$17,FALSE))+INDEX($C$40:$G$60,MATCH($C78,$B$40:$B$60,FALSE),MATCH(F$68,$C$39:$G$39,FALSE))*INDEX(属性分配!$C$4:$G$4,MATCH(F$68,属性分配!$C$3:$G$3,FALSE)))*(1+INDEX($C$29:$G$34,MATCH($D78,$B$29:$B$34,FALSE),MATCH(F$68,$C$28:$G$28,FALSE))),2)} -> 65 | G78: {=ROUND((INDEX(属性分配!$C$4:$G$4,MATCH(G$68,属性分配!$C$3:$G$3,FALSE))+$B78*INDEX($C$18:$G$18,MATCH(G$68,$C$17:$G$17,FALSE))+INDEX($C$40:$G$60,MATCH($C78,$B$40:$B$60,FALSE),MATCH(G$68,$C$39:$G$39,FALSE))*INDEX(属性分配!$C$4:$G$4,MATCH(G$68,属性分配!$C$3:$G$3,FALSE)))*(1+INDEX($C$29:$G$34,MATCH($D78,$B$29:$B$34,FALSE),MATCH(G$68,$C$28:$G$28,FALSE))),2)} -> 65 | H78: {=ROUND((INDEX(属性分配!$C$4:$G$4,MATCH(H$68,属性分配!$C$3:$G$3,FALSE))+$B78*INDEX($C$18:$G$18,MATCH(H$68,$C$17:$G$17,FALSE))+INDEX($C$40:$G$60,MATCH($C78,$B$40:$B$60,FALSE),MATCH(H$68,$C$39:$G$39,FALSE))*INDEX(属性分配!$C$4:$G$4,MATCH(H$68,属性分配!$C$3:$G$3,FALSE)))*(1+INDEX($C$29:$G$34,MATCH($D78,$B$29:$B$34,FALSE),MATCH(H$68,$C$28:$G$28,FALSE))),2)} -> 60 | I78: {=ROUND((INDEX(属性分配!$C$4:$G$4,MATCH(I$68,属性分配!$C$3:$G$3,FALSE))+$B78*INDEX($C$18:$G$18,MATCH(I$68,$C$17:$G$17,FALSE))+INDEX($C$40:$G$60,MATCH($C78,$B$40:$B$60,FALSE),MATCH(I$68,$C$39:$G$39,FALSE))*INDEX(属性分配!$C$4:$G$4,MATCH(I$68,属性分配!$C$3:$G$3,FALSE)))*(1+INDEX($C$29:$G$34,MATCH($D78,$B$29:$B$34,FALSE),MATCH(I$68,$C$28:$G$28,FALSE))),2)} -> 60 | K78: {=SUMPRODUCT(E78:I78,$E$67:$I$67)} -> 955 | Q78: 90 | R78: 10 | S78: =$R$67/$T$80*T78 -> 577902000 | T78: =100000-SUM(T69:T77) -> 57790.2 | U78: =S78/(Q79-Q78) -> 57790200 | V78: 3000000 | W78: =U78-V78*(R78/2-0.5) -> 44290200 | X78: =U78+V78*(R78/2-0.5) -> 71290200
B79: 11 | C79: 0 | D79: 0 | E79: {=ROUND((INDEX(属性分配!$C$4:$G$4,MATCH(E$68,属性分配!$C$3:$G$3,FALSE))+$B79*INDEX($C$18:$G$18,MATCH(E$68,$C$17:$G$17,FALSE))+INDEX($C$40:$G$60,MATCH($C79,$B$40:$B$60,FALSE),MATCH(E$68,$C$39:$G$39,FALSE))*INDEX(属性分配!$C$4:$G$4,MATCH(E$68,属性分配!$C$3:$G$3,FALSE)))*(1+INDEX($C$29:$G$34,MATCH($D79,$B$29:$B$34,FALSE),MATCH(E$68,$C$28:$G$28,FALSE))),2)} -> 399 | F79: {=ROUND((INDEX(属性分配!$C$4:$G$4,MATCH(F$68,属性分配!$C$3:$G$3,FALSE))+$B79*INDEX($C$18:$G$18,MATCH(F$68,$C$17:$G$17,FALSE))+INDEX($C$40:$G$60,MATCH($C79,$B$40:$B$60,FALSE),MATCH(F$68,$C$39:$G$39,FALSE))*INDEX(属性分配!$C$4:$G$4,MATCH(F$68,属性分配!$C$3:$G$3,FALSE)))*(1+INDEX($C$29:$G$34,MATCH($D79,$B$29:$B$34,FALSE),MATCH(F$68,$C$28:$G$28,FALSE))),2)} -> 66.5 | G79: {=ROUND((INDEX(属性分配!$C$4:$G$4,MATCH(G$68,属性分配!$C$3:$G$3,FALSE))+$B79*INDEX($C$18:$G$18,MATCH(G$68,$C$17:$G$17,FALSE))+INDEX($C$40:$G$60,MATCH($C79,$B$40:$B$60,FALSE),MATCH(G$68,$C$39:$G$39,FALSE))*INDEX(属性分配!$C$4:$G$4,MATCH(G$68,属性分配!$C$3:$G$3,FALSE)))*(1+INDEX($C$29:$G$34,MATCH($D79,$B$29:$B$34,FALSE),MATCH(G$68,$C$28:$G$28,FALSE))),2)} -> 66.5 | H79: {=ROUND((INDEX(属性分配!$C$4:$G$4,MATCH(H$68,属性分配!$C$3:$G$3,FALSE))+$B79*INDEX($C$18:$G$18,MATCH(H$68,$C$17:$G$17,FALSE))+INDEX($C$40:$G$60,MATCH($C79,$B$40:$B$60,FALSE),MATCH(H$68,$C$39:$G$39,FALSE))*INDEX(属性分配!$C$4:$G$4,MATCH(H$68,属性分配!$C$3:$G$3,FALSE)))*(1+INDEX($C$29:$G$34,MATCH($D79,$B$29:$B$34,FALSE),MATCH(H$68,$C$28:$G$28,FALSE))),2)} -> 61 | I79: {=ROUND((INDEX(属性分配!$C$4:$G$4,MATCH(I$68,属性分配!$C$3:$G$3,FALSE))+$B79*INDEX($C$18:$G$18,MATCH(I$68,$C$17:$G$17,FALSE))+INDEX($C$40:$G$60,MATCH($C79,$B$40:$B$60,FALSE),MATCH(I$68,$C$39:$G$39,FALSE))*INDEX(属性分配!$C$4:$G$4,MATCH(I$68,属性分配!$C$3:$G$3,FALSE)))*(1+INDEX($C$29:$G$34,MATCH($D79,$B$29:$B$34,FALSE),MATCH(I$68,$C$28:$G$28,FALSE))),2)} -> 61 | K79: {=SUMPRODUCT(E79:I79,$E$67:$I$67)} -> 975.5 | Q79: 100
B80: 12 | C80: 0 | D80: 0 | E80: {=ROUND((INDEX(属性分配!$C$4:$G$4,MATCH(E$68,属性分配!$C$3:$G$3,FALSE))+$B80*INDEX($C$18:$G$18,MATCH(E$68,$C$17:$G$17,FALSE))+INDEX($C$40:$G$60,MATCH($C80,$B$40:$B$60,FALSE),MATCH(E$68,$C$39:$G$39,FALSE))*INDEX(属性分配!$C$4:$G$4,MATCH(E$68,属性分配!$C$3:$G$3,FALSE)))*(1+INDEX($C$29:$G$34,MATCH($D80,$B$29:$B$34,FALSE),MATCH(E$68,$C$28:$G$28,FALSE))),2)} -> 408 | F80: {=ROUND((INDEX(属性分配!$C$4:$G$4,MATCH(F$68,属性分配!$C$3:$G$3,FALSE))+$B80*INDEX($C$18:$G$18,MATCH(F$68,$C$17:$G$17,FALSE))+INDEX($C$40:$G$60,MATCH($C80,$B$40:$B$60,FALSE),MATCH(F$68,$C$39:$G$39,FALSE))*INDEX(属性分配!$C$4:$G$4,MATCH(F$68,属性分配!$C$3:$G$3,FALSE)))*(1+INDEX($C$29:$G$34,MATCH($D80,$B$29:$B$34,FALSE),MATCH(F$68,$C$28:$G$28,FALSE))),2)} -> 68 | G80: {=ROUND((INDEX(属性分配!$C$4:$G$4,MATCH(G$68,属性分配!$C$3:$G$3,FALSE))+$B80*INDEX($C$18:$G$18,MATCH(G$68,$C$17:$G$17,FALSE))+INDEX($C$40:$G$60,MATCH($C80,$B$40:$B$60,FALSE),MATCH(G$68,$C$39:$G$39,FALSE))*INDEX(属性分配!$C$4:$G$4,MATCH(G$68,属性分配!$C$3:$G$3,FALSE)))*(1+INDEX($C$29:$G$34,MATCH($D80,$B$29:$B$34,FALSE),MATCH(G$68,$C$28:$G$28,FALSE))),2)} -> 68 | H80: {=ROUND((INDEX(属性分配!$C$4:$G$4,MATCH(H$68,属性分配!$C$3:$G$3,FALSE))+$B80*INDEX($C$18:$G$18,MATCH(H$68,$C$17:$G$17,FALSE))+INDEX($C$40:$G$60,MATCH($C80,$B$40:$B$60,FALSE),MATCH(H$68,$C$39:$G$39,FALSE))*INDEX(属性分配!$C$4:$G$4,MATCH(H$68,属性分配!$C$3:$G$3,FALSE)))*(1+INDEX($C$29:$G$34,MATCH($D80,$B$29:$B$34,FALSE),MATCH(H$68,$C$28:$G$28,FALSE))),2)} -> 62 | I80: {=ROUND((INDEX(属性分配!$C$4:$G$4,MATCH(I$68,属性分配!$C$3:$G$3,FALSE))+$B80*INDEX($C$18:$G$18,MATCH(I$68,$C$17:$G$17,FALSE))+INDEX($C$40:$G$60,MATCH($C80,$B$40:$B$60,FALSE),MATCH(I$68,$C$39:$G$39,FALSE))*INDEX(属性分配!$C$4:$G$4,MATCH(I$68,属性分配!$C$3:$G$3,FALSE)))*(1+INDEX($C$29:$G$34,MATCH($D80,$B$29:$B$34,FALSE),MATCH(I$68,$C$28:$G$28,FALSE))),2)} -> 62 | K80: {=SUMPRODUCT(E80:I80,$E$67:$I$67)} -> 996 | T80: =SUM(T69:T78) -> 100000
B81: 13 | C81: 0 | D81: 0 | E81: {=ROUND((INDEX(属性分配!$C$4:$G$4,MATCH(E$68,属性分配!$C$3:$G$3,FALSE))+$B81*INDEX($C$18:$G$18,MATCH(E$68,$C$17:$G$17,FALSE))+INDEX($C$40:$G$60,MATCH($C81,$B$40:$B$60,FALSE),MATCH(E$68,$C$39:$G$39,FALSE))*INDEX(属性分配!$C$4:$G$4,MATCH(E$68,属性分配!$C$3:$G$3,FALSE)))*(1+INDEX($C$29:$G$34,MATCH($D81,$B$29:$B$34,FALSE),MATCH(E$68,$C$28:$G$28,FALSE))),2)} -> 417 | F81: {=ROUND((INDEX(属性分配!$C$4:$G$4,MATCH(F$68,属性分配!$C$3:$G$3,FALSE))+$B81*INDEX($C$18:$G$18,MATCH(F$68,$C$17:$G$17,FALSE))+INDEX($C$40:$G$60,MATCH($C81,$B$40:$B$60,FALSE),MATCH(F$68,$C$39:$G$39,FALSE))*INDEX(属性分配!$C$4:$G$4,MATCH(F$68,属性分配!$C$3:$G$3,FALSE)))*(1+INDEX($C$29:$G$34,MATCH($D81,$B$29:$B$34,FALSE),MATCH(F$68,$C$28:$G$28,FALSE))),2)} -> 69.5 | G81: {=ROUND((INDEX(属性分配!$C$4:$G$4,MATCH(G$68,属性分配!$C$3:$G$3,FALSE))+$B81*INDEX($C$18:$G$18,MATCH(G$68,$C$17:$G$17,FALSE))+INDEX($C$40:$G$60,MATCH($C81,$B$40:$B$60,FALSE),MATCH(G$68,$C$39:$G$39,FALSE))*INDEX(属性分配!$C$4:$G$4,MATCH(G$68,属性分配!$C$3:$G$3,FALSE)))*(1+INDEX($C$29:$G$34,MATCH($D81,$B$29:$B$34,FALSE),MATCH(G$68,$C$28:$G$28,FALSE))),2)} -> 69.5 | H81: {=ROUND((INDEX(属性分配!$C$4:$G$4,MATCH(H$68,属性分配!$C$3:$G$3,FALSE))+$B81*INDEX($C$18:$G$18,MATCH(H$68,$C$17:$G$17,FALSE))+INDEX($C$40:$G$60,MATCH($C81,$B$40:$B$60,FALSE),MATCH(H$68,$C$39:$G$39,FALSE))*INDEX(属性分配!$C$4:$G$4,MATCH(H$68,属性分配!$C$3:$G$3,FALSE)))*(1+INDEX($C$29:$G$34,MATCH($D81,$B$29:$B$34,FALSE),MATCH(H$68,$C$28:$G$28,FALSE))),2)} -> 63 | I81: {=ROUND((INDEX(属性分配!$C$4:$G$4,MATCH(I$68,属性分配!$C$3:$G$3,FALSE))+$B81*INDEX($C$18:$G$18,MATCH(I$68,$C$17:$G$17,FALSE))+INDEX($C$40:$G$60,MATCH($C81,$B$40:$B$60,FALSE),MATCH(I$68,$C$39:$G$39,FALSE))*INDEX(属性分配!$C$4:$G$4,MATCH(I$68,属性分配!$C$3:$G$3,FALSE)))*(1+INDEX($C$29:$G$34,MATCH($D81,$B$29:$B$34,FALSE),MATCH(I$68,$C$28:$G$28,FALSE))),2)} -> 63 | K81: {=SUMPRODUCT(E81:I81,$E$67:$I$67)} -> 1016.5 | S81: 总经验
B82: 14 | C82: 0 | D82: 0 | E82: {=ROUND((INDEX(属性分配!$C$4:$G$4,MATCH(E$68,属性分配!$C$3:$G$3,FALSE))+$B82*INDEX($C$18:$G$18,MATCH(E$68,$C$17:$G$17,FALSE))+INDEX($C$40:$G$60,MATCH($C82,$B$40:$B$60,FALSE),MATCH(E$68,$C$39:$G$39,FALSE))*INDEX(属性分配!$C$4:$G$4,MATCH(E$68,属性分配!$C$3:$G$3,FALSE)))*(1+INDEX($C$29:$G$34,MATCH($D82,$B$29:$B$34,FALSE),MATCH(E$68,$C$28:$G$28,FALSE))),2)} -> 426 | F82: {=ROUND((INDEX(属性分配!$C$4:$G$4,MATCH(F$68,属性分配!$C$3:$G$3,FALSE))+$B82*INDEX($C$18:$G$18,MATCH(F$68,$C$17:$G$17,FALSE))+INDEX($C$40:$G$60,MATCH($C82,$B$40:$B$60,FALSE),MATCH(F$68,$C$39:$G$39,FALSE))*INDEX(属性分配!$C$4:$G$4,MATCH(F$68,属性分配!$C$3:$G$3,FALSE)))*(1+INDEX($C$29:$G$34,MATCH($D82,$B$29:$B$34,FALSE),MATCH(F$68,$C$28:$G$28,FALSE))),2)} -> 71 | G82: {=ROUND((INDEX(属性分配!$C$4:$G$4,MATCH(G$68,属性分配!$C$3:$G$3,FALSE))+$B82*INDEX($C$18:$G$18,MATCH(G$68,$C$17:$G$17,FALSE))+INDEX($C$40:$G$60,MATCH($C82,$B$40:$B$60,FALSE),MATCH(G$68,$C$39:$G$39,FALSE))*INDEX(属性分配!$C$4:$G$4,MATCH(G$68,属性分配!$C$3:$G$3,FALSE)))*(1+INDEX($C$29:$G$34,MATCH($D82,$B$29:$B$34,FALSE),MATCH(G$68,$C$28:$G$28,FALSE))),2)} -> 71 | H82: {=ROUND((INDEX(属性分配!$C$4:$G$4,MATCH(H$68,属性分配!$C$3:$G$3,FALSE))+$B82*INDEX($C$18:$G$18,MATCH(H$68,$C$17:$G$17,FALSE))+INDEX($C$40:$G$60,MATCH($C82,$B$40:$B$60,FALSE),MATCH(H$68,$C$39:$G$39,FALSE))*INDEX(属性分配!$C$4:$G$4,MATCH(H$68,属性分配!$C$3:$G$3,FALSE)))*(1+INDEX($C$29:$G$34,MATCH($D82,$B$29:$B$34,FALSE),MATCH(H$68,$C$28:$G$28,FALSE))),2)} -> 64 | I82: {=ROUND((INDEX(属性分配!$C$4:$G$4,MATCH(I$68,属性分配!$C$3:$G$3,FALSE))+$B82*INDEX($C$18:$G$18,MATCH(I$68,$C$17:$G$17,FALSE))+INDEX($C$40:$G$60,MATCH($C82,$B$40:$B$60,FALSE),MATCH(I$68,$C$39:$G$39,FALSE))*INDEX(属性分配!$C$4:$G$4,MATCH(I$68,属性分配!$C$3:$G$3,FALSE)))*(1+INDEX($C$29:$G$34,MATCH($D82,$B$29:$B$34,FALSE),MATCH(I$68,$C$28:$G$28,FALSE))),2)} -> 64 | K82: {=SUMPRODUCT(E82:I82,$E$67:$I$67)} -> 1037 | S82: =SUM(S69:S78) -> 1000000000
B83: 15 | C83: 0 | D83: 0 | E83: {=ROUND((INDEX(属性分配!$C$4:$G$4,MATCH(E$68,属性分配!$C$3:$G$3,FALSE))+$B83*INDEX($C$18:$G$18,MATCH(E$68,$C$17:$G$17,FALSE))+INDEX($C$40:$G$60,MATCH($C83,$B$40:$B$60,FALSE),MATCH(E$68,$C$39:$G$39,FALSE))*INDEX(属性分配!$C$4:$G$4,MATCH(E$68,属性分配!$C$3:$G$3,FALSE)))*(1+INDEX($C$29:$G$34,MATCH($D83,$B$29:$B$34,FALSE),MATCH(E$68,$C$28:$G$28,FALSE))),2)} -> 435 | F83: {=ROUND((INDEX(属性分配!$C$4:$G$4,MATCH(F$68,属性分配!$C$3:$G$3,FALSE))+$B83*INDEX($C$18:$G$18,MATCH(F$68,$C$17:$G$17,FALSE))+INDEX($C$40:$G$60,MATCH($C83,$B$40:$B$60,FALSE),MATCH(F$68,$C$39:$G$39,FALSE))*INDEX(属性分配!$C$4:$G$4,MATCH(F$68,属性分配!$C$3:$G$3,FALSE)))*(1+INDEX($C$29:$G$34,MATCH($D83,$B$29:$B$34,FALSE),MATCH(F$68,$C$28:$G$28,FALSE))),2)} -> 72.5 | G83: {=ROUND((INDEX(属性分配!$C$4:$G$4,MATCH(G$68,属性分配!$C$3:$G$3,FALSE))+$B83*INDEX($C$18:$G$18,MATCH(G$68,$C$17:$G$17,FALSE))+INDEX($C$40:$G$60,MATCH($C83,$B$40:$B$60,FALSE),MATCH(G$68,$C$39:$G$39,FALSE))*INDEX(属性分配!$C$4:$G$4,MATCH(G$68,属性分配!$C$3:$G$3,FALSE)))*(1+INDEX($C$29:$G$34,MATCH($D83,$B$29:$B$34,FALSE),MATCH(G$68,$C$28:$G$28,FALSE))),2)} -> 72.5 | H83: {=ROUND((INDEX(属性分配!$C$4:$G$4,MATCH(H$68,属性分配!$C$3:$G$3,FALSE))+$B83*INDEX($C$18:$G$18,MATCH(H$68,$C$17:$G$17,FALSE))+INDEX($C$40:$G$60,MATCH($C83,$B$40:$B$60,FALSE),MATCH(H$68,$C$39:$G$39,FALSE))*INDEX(属性分配!$C$4:$G$4,MATCH(H$68,属性分配!$C$3:$G$3,FALSE)))*(1+INDEX($C$29:$G$34,MATCH($D83,$B$29:$B$34,FALSE),MATCH(H$68,$C$28:$G$28,FALSE))),2)} -> 65 | I83: {=ROUND((INDEX(属性分配!$C$4:$G$4,MATCH(I$68,属性分配!$C$3:$G$3,FALSE))+$B83*INDEX($C$18:$G$18,MATCH(I$68,$C$17:$G$17,FALSE))+INDEX($C$40:$G$60,MATCH($C83,$B$40:$B$60,FALSE),MATCH(I$68,$C$39:$G$39,FALSE))*INDEX(属性分配!$C$4:$G$4,MATCH(I$68,属性分配!$C$3:$G$3,FALSE)))*(1+INDEX($C$29:$G$34,MATCH($D83,$B$29:$B$34,FALSE),MATCH(I$68,$C$28:$G$28,FALSE))),2)} -> 65 | K83: {=SUMPRODUCT(E83:I83,$E$67:$I$67)} -> 1057.5
B84: 16 | C84: 0 | D84: 0 | E84: {=ROUND((INDEX(属性分配!$C$4:$G$4,MATCH(E$68,属性分配!$C$3:$G$3,FALSE))+$B84*INDEX($C$18:$G$18,MATCH(E$68,$C$17:$G$17,FALSE))+INDEX($C$40:$G$60,MATCH($C84,$B$40:$B$60,FALSE),MATCH(E$68,$C$39:$G$39,FALSE))*INDEX(属性分配!$C$4:$G$4,MATCH(E$68,属性分配!$C$3:$G$3,FALSE)))*(1+INDEX($C$29:$G$34,MATCH($D84,$B$29:$B$34,FALSE),MATCH(E$68,$C$28:$G$28,FALSE))),2)} -> 444 | F84: {=ROUND((INDEX(属性分配!$C$4:$G$4,MATCH(F$68,属性分配!$C$3:$G$3,FALSE))+$B84*INDEX($C$18:$G$18,MATCH(F$68,$C$17:$G$17,FALSE))+INDEX($C$40:$G$60,MATCH($C84,$B$40:$B$60,FALSE),MATCH(F$68,$C$39:$G$39,FALSE))*INDEX(属性分配!$C$4:$G$4,MATCH(F$68,属性分配!$C$3:$G$3,FALSE)))*(1+INDEX($C$29:$G$34,MATCH($D84,$B$29:$B$34,FALSE),MATCH(F$68,$C$28:$G$28,FALSE))),2)} -> 74 | G84: {=ROUND((INDEX(属性分配!$C$4:$G$4,MATCH(G$68,属性分配!$C$3:$G$3,FALSE))+$B84*INDEX($C$18:$G$18,MATCH(G$68,$C$17:$G$17,FALSE))+INDEX($C$40:$G$60,MATCH($C84,$B$40:$B$60,FALSE),MATCH(G$68,$C$39:$G$39,FALSE))*INDEX(属性分配!$C$4:$G$4,MATCH(G$68,属性分配!$C$3:$G$3,FALSE)))*(1+INDEX($C$29:$G$34,MATCH($D84,$B$29:$B$34,FALSE),MATCH(G$68,$C$28:$G$28,FALSE))),2)} -> 74 | H84: {=ROUND((INDEX(属性分配!$C$4:$G$4,MATCH(H$68,属性分配!$C$3:$G$3,FALSE))+$B84*INDEX($C$18:$G$18,MATCH(H$68,$C$17:$G$17,FALSE))+INDEX($C$40:$G$60,MATCH($C84,$B$40:$B$60,FALSE),MATCH(H$68,$C$39:$G$39,FALSE))*INDEX(属性分配!$C$4:$G$4,MATCH(H$68,属性分配!$C$3:$G$3,FALSE)))*(1+INDEX($C$29:$G$34,MATCH($D84,$B$29:$B$34,FALSE),MATCH(H$68,$C$28:$G$28,FALSE))),2)} -> 66 | I84: {=ROUND((INDEX(属性分配!$C$4:$G$4,MATCH(I$68,属性分配!$C$3:$G$3,FALSE))+$B84*INDEX($C$18:$G$18,MATCH(I$68,$C$17:$G$17,FALSE))+INDEX($C$40:$G$60,MATCH($C84,$B$40:$B$60,FALSE),MATCH(I$68,$C$39:$G$39,FALSE))*INDEX(属性分配!$C$4:$G$4,MATCH(I$68,属性分配!$C$3:$G$3,FALSE)))*(1+INDEX($C$29:$G$34,MATCH($D84,$B$29:$B$34,FALSE),MATCH(I$68,$C$28:$G$28,FALSE))),2)} -> 66 | K84: {=SUMPRODUCT(E84:I84,$E$67:$I$67)} -> 1078
B85: 17 | C85: 0 | D85: 0 | E85: {=ROUND((INDEX(属性分配!$C$4:$G$4,MATCH(E$68,属性分配!$C$3:$G$3,FALSE))+$B85*INDEX($C$18:$G$18,MATCH(E$68,$C$17:$G$17,FALSE))+INDEX($C$40:$G$60,MATCH($C85,$B$40:$B$60,FALSE),MATCH(E$68,$C$39:$G$39,FALSE))*INDEX(属性分配!$C$4:$G$4,MATCH(E$68,属性分配!$C$3:$G$3,FALSE)))*(1+INDEX($C$29:$G$34,MATCH($D85,$B$29:$B$34,FALSE),MATCH(E$68,$C$28:$G$28,FALSE))),2)} -> 453 | F85: {=ROUND((INDEX(属性分配!$C$4:$G$4,MATCH(F$68,属性分配!$C$3:$G$3,FALSE))+$B85*INDEX($C$18:$G$18,MATCH(F$68,$C$17:$G$17,FALSE))+INDEX($C$40:$G$60,MATCH($C85,$B$40:$B$60,FALSE),MATCH(F$68,$C$39:$G$39,FALSE))*INDEX(属性分配!$C$4:$G$4,MATCH(F$68,属性分配!$C$3:$G$3,FALSE)))*(1+INDEX($C$29:$G$34,MATCH($D85,$B$29:$B$34,FALSE),MATCH(F$68,$C$28:$G$28,FALSE))),2)} -> 75.5 | G85: {=ROUND((INDEX(属性分配!$C$4:$G$4,MATCH(G$68,属性分配!$C$3:$G$3,FALSE))+$B85*INDEX($C$18:$G$18,MATCH(G$68,$C$17:$G$17,FALSE))+INDEX($C$40:$G$60,MATCH($C85,$B$40:$B$60,FALSE),MATCH(G$68,$C$39:$G$39,FALSE))*INDEX(属性分配!$C$4:$G$4,MATCH(G$68,属性分配!$C$3:$G$3,FALSE)))*(1+INDEX($C$29:$G$34,MATCH($D85,$B$29:$B$34,FALSE),MATCH(G$68,$C$28:$G$28,FALSE))),2)} -> 75.5 | H85: {=ROUND((INDEX(属性分配!$C$4:$G$4,MATCH(H$68,属性分配!$C$3:$G$3,FALSE))+$B85*INDEX($C$18:$G$18,MATCH(H$68,$C$17:$G$17,FALSE))+INDEX($C$40:$G$60,MATCH($C85,$B$40:$B$60,FALSE),MATCH(H$68,$C$39:$G$39,FALSE))*INDEX(属性分配!$C$4:$G$4,MATCH(H$68,属性分配!$C$3:$G$3,FALSE)))*(1+INDEX($C$29:$G$34,MATCH($D85,$B$29:$B$34,FALSE),MATCH(H$68,$C$28:$G$28,FALSE))),2)} -> 67 | I85: {=ROUND((INDEX(属性分配!$C$4:$G$4,MATCH(I$68,属性分配!$C$3:$G$3,FALSE))+$B85*INDEX($C$18:$G$18,MATCH(I$68,$C$17:$G$17,FALSE))+INDEX($C$40:$G$60,MATCH($C85,$B$40:$B$60,FALSE),MATCH(I$68,$C$39:$G$39,FALSE))*INDEX(属性分配!$C$4:$G$4,MATCH(I$68,属性分配!$C$3:$G$3,FALSE)))*(1+INDEX($C$29:$G$34,MATCH($D85,$B$29:$B$34,FALSE),MATCH(I$68,$C$28:$G$28,FALSE))),2)} -> 67 | K85: {=SUMPRODUCT(E85:I85,$E$67:$I$67)} -> 1098.5
B86: 18 | C86: 0 | D86: 0 | E86: {=ROUND((INDEX(属性分配!$C$4:$G$4,MATCH(E$68,属性分配!$C$3:$G$3,FALSE))+$B86*INDEX($C$18:$G$18,MATCH(E$68,$C$17:$G$17,FALSE))+INDEX($C$40:$G$60,MATCH($C86,$B$40:$B$60,FALSE),MATCH(E$68,$C$39:$G$39,FALSE))*INDEX(属性分配!$C$4:$G$4,MATCH(E$68,属性分配!$C$3:$G$3,FALSE)))*(1+INDEX($C$29:$G$34,MATCH($D86,$B$29:$B$34,FALSE),MATCH(E$68,$C$28:$G$28,FALSE))),2)} -> 462 | F86: {=ROUND((INDEX(属性分配!$C$4:$G$4,MATCH(F$68,属性分配!$C$3:$G$3,FALSE))+$B86*INDEX($C$18:$G$18,MATCH(F$68,$C$17:$G$17,FALSE))+INDEX($C$40:$G$60,MATCH($C86,$B$40:$B$60,FALSE),MATCH(F$68,$C$39:$G$39,FALSE))*INDEX(属性分配!$C$4:$G$4,MATCH(F$68,属性分配!$C$3:$G$3,FALSE)))*(1+INDEX($C$29:$G$34,MATCH($D86,$B$29:$B$34,FALSE),MATCH(F$68,$C$28:$G$28,FALSE))),2)} -> 77 | G86: {=ROUND((INDEX(属性分配!$C$4:$G$4,MATCH(G$68,属性分配!$C$3:$G$3,FALSE))+$B86*INDEX($C$18:$G$18,MATCH(G$68,$C$17:$G$17,FALSE))+INDEX($C$40:$G$60,MATCH($C86,$B$40:$B$60,FALSE),MATCH(G$68,$C$39:$G$39,FALSE))*INDEX(属性分配!$C$4:$G$4,MATCH(G$68,属性分配!$C$3:$G$3,FALSE)))*(1+INDEX($C$29:$G$34,MATCH($D86,$B$29:$B$34,FALSE),MATCH(G$68,$C$28:$G$28,FALSE))),2)} -> 77 | H86: {=ROUND((INDEX(属性分配!$C$4:$G$4,MATCH(H$68,属性分配!$C$3:$G$3,FALSE))+$B86*INDEX($C$18:$G$18,MATCH(H$68,$C$17:$G$17,FALSE))+INDEX($C$40:$G$60,MATCH($C86,$B$40:$B$60,FALSE),MATCH(H$68,$C$39:$G$39,FALSE))*INDEX(属性分配!$C$4:$G$4,MATCH(H$68,属性分配!$C$3:$G$3,FALSE)))*(1+INDEX($C$29:$G$34,MATCH($D86,$B$29:$B$34,FALSE),MATCH(H$68,$C$28:$G$28,FALSE))),2)} -> 68 | I86: {=ROUND((INDEX(属性分配!$C$4:$G$4,MATCH(I$68,属性分配!$C$3:$G$3,FALSE))+$B86*INDEX($C$18:$G$18,MATCH(I$68,$C$17:$G$17,FALSE))+INDEX($C$40:$G$60,MATCH($C86,$B$40:$B$60,FALSE),MATCH(I$68,$C$39:$G$39,FALSE))*INDEX(属性分配!$C$4:$G$4,MATCH(I$68,属性分配!$C$3:$G$3,FALSE)))*(1+INDEX($C$29:$G$34,MATCH($D86,$B$29:$B$34,FALSE),MATCH(I$68,$C$28:$G$28,FALSE))),2)} -> 68 | K86: {=SUMPRODUCT(E86:I86,$E$67:$I$67)} -> 1119
B87: 19 | C87: 0 | D87: 0 | E87: {=ROUND((INDEX(属性分配!$C$4:$G$4,MATCH(E$68,属性分配!$C$3:$G$3,FALSE))+$B87*INDEX($C$18:$G$18,MATCH(E$68,$C$17:$G$17,FALSE))+INDEX($C$40:$G$60,MATCH($C87,$B$40:$B$60,FALSE),MATCH(E$68,$C$39:$G$39,FALSE))*INDEX(属性分配!$C$4:$G$4,MATCH(E$68,属性分配!$C$3:$G$3,FALSE)))*(1+INDEX($C$29:$G$34,MATCH($D87,$B$29:$B$34,FALSE),MATCH(E$68,$C$28:$G$28,FALSE))),2)} -> 471 | F87: {=ROUND((INDEX(属性分配!$C$4:$G$4,MATCH(F$68,属性分配!$C$3:$G$3,FALSE))+$B87*INDEX($C$18:$G$18,MATCH(F$68,$C$17:$G$17,FALSE))+INDEX($C$40:$G$60,MATCH($C87,$B$40:$B$60,FALSE),MATCH(F$68,$C$39:$G$39,FALSE))*INDEX(属性分配!$C$4:$G$4,MATCH(F$68,属性分配!$C$3:$G$3,FALSE)))*(1+INDEX($C$29:$G$34,MATCH($D87,$B$29:$B$34,FALSE),MATCH(F$68,$C$28:$G$28,FALSE))),2)} -> 78.5 | G87: {=ROUND((INDEX(属性分配!$C$4:$G$4,MATCH(G$68,属性分配!$C$3:$G$3,FALSE))+$B87*INDEX($C$18:$G$18,MATCH(G$68,$C$17:$G$17,FALSE))+INDEX($C$40:$G$60,MATCH($C87,$B$40:$B$60,FALSE),MATCH(G$68,$C$39:$G$39,FALSE))*INDEX(属性分配!$C$4:$G$4,MATCH(G$68,属性分配!$C$3:$G$3,FALSE)))*(1+INDEX($C$29:$G$34,MATCH($D87,$B$29:$B$34,FALSE),MATCH(G$68,$C$28:$G$28,FALSE))),2)} -> 78.5 | H87: {=ROUND((INDEX(属性分配!$C$4:$G$4,MATCH(H$68,属性分配!$C$3:$G$3,FALSE))+$B87*INDEX($C$18:$G$18,MATCH(H$68,$C$17:$G$17,FALSE))+INDEX($C$40:$G$60,MATCH($C87,$B$40:$B$60,FALSE),MATCH(H$68,$C$39:$G$39,FALSE))*INDEX(属性分配!$C$4:$G$4,MATCH(H$68,属性分配!$C$3:$G$3,FALSE)))*(1+INDEX($C$29:$G$34,MATCH($D87,$B$29:$B$34,FALSE),MATCH(H$68,$C$28:$G$28,FALSE))),2)} -> 69 | I87: {=ROUND((INDEX(属性分配!$C$4:$G$4,MATCH(I$68,属性分配!$C$3:$G$3,FALSE))+$B87*INDEX($C$18:$G$18,MATCH(I$68,$C$17:$G$17,FALSE))+INDEX($C$40:$G$60,MATCH($C87,$B$40:$B$60,FALSE),MATCH(I$68,$C$39:$G$39,FALSE))*INDEX(属性分配!$C$4:$G$4,MATCH(I$68,属性分配!$C$3:$G$3,FALSE)))*(1+INDEX($C$29:$G$34,MATCH($D87,$B$29:$B$34,FALSE),MATCH(I$68,$C$28:$G$28,FALSE))),2)} -> 69 | K87: {=SUMPRODUCT(E87:I87,$E$67:$I$67)} -> 1139.5
B88: 20 | C88: 0 | D88: 0 | E88: {=ROUND((INDEX(属性分配!$C$4:$G$4,MATCH(E$68,属性分配!$C$3:$G$3,FALSE))+$B88*INDEX($C$18:$G$18,MATCH(E$68,$C$17:$G$17,FALSE))+INDEX($C$40:$G$60,MATCH($C88,$B$40:$B$60,FALSE),MATCH(E$68,$C$39:$G$39,FALSE))*INDEX(属性分配!$C$4:$G$4,MATCH(E$68,属性分配!$C$3:$G$3,FALSE)))*(1+INDEX($C$29:$G$34,MATCH($D88,$B$29:$B$34,FALSE),MATCH(E$68,$C$28:$G$28,FALSE))),2)} -> 480 | F88: {=ROUND((INDEX(属性分配!$C$4:$G$4,MATCH(F$68,属性分配!$C$3:$G$3,FALSE))+$B88*INDEX($C$18:$G$18,MATCH(F$68,$C$17:$G$17,FALSE))+INDEX($C$40:$G$60,MATCH($C88,$B$40:$B$60,FALSE),MATCH(F$68,$C$39:$G$39,FALSE))*INDEX(属性分配!$C$4:$G$4,MATCH(F$68,属性分配!$C$3:$G$3,FALSE)))*(1+INDEX($C$29:$G$34,MATCH($D88,$B$29:$B$34,FALSE),MATCH(F$68,$C$28:$G$28,FALSE))),2)} -> 80 | G88: {=ROUND((INDEX(属性分配!$C$4:$G$4,MATCH(G$68,属性分配!$C$3:$G$3,FALSE))+$B88*INDEX($C$18:$G$18,MATCH(G$68,$C$17:$G$17,FALSE))+INDEX($C$40:$G$60,MATCH($C88,$B$40:$B$60,FALSE),MATCH(G$68,$C$39:$G$39,FALSE))*INDEX(属性分配!$C$4:$G$4,MATCH(G$68,属性分配!$C$3:$G$3,FALSE)))*(1+INDEX($C$29:$G$34,MATCH($D88,$B$29:$B$34,FALSE),MATCH(G$68,$C$28:$G$28,FALSE))),2)} -> 80 | H88: {=ROUND((INDEX(属性分配!$C$4:$G$4,MATCH(H$68,属性分配!$C$3:$G$3,FALSE))+$B88*INDEX($C$18:$G$18,MATCH(H$68,$C$17:$G$17,FALSE))+INDEX($C$40:$G$60,MATCH($C88,$B$40:$B$60,FALSE),MATCH(H$68,$C$39:$G$39,FALSE))*INDEX(属性分配!$C$4:$G$4,MATCH(H$68,属性分配!$C$3:$G$3,FALSE)))*(1+INDEX($C$29:$G$34,MATCH($D88,$B$29:$B$34,FALSE),MATCH(H$68,$C$28:$G$28,FALSE))),2)} -> 70 | I88: {=ROUND((INDEX(属性分配!$C$4:$G$4,MATCH(I$68,属性分配!$C$3:$G$3,FALSE))+$B88*INDEX($C$18:$G$18,MATCH(I$68,$C$17:$G$17,FALSE))+INDEX($C$40:$G$60,MATCH($C88,$B$40:$B$60,FALSE),MATCH(I$68,$C$39:$G$39,FALSE))*INDEX(属性分配!$C$4:$G$4,MATCH(I$68,属性分配!$C$3:$G$3,FALSE)))*(1+INDEX($C$29:$G$34,MATCH($D88,$B$29:$B$34,FALSE),MATCH(I$68,$C$28:$G$28,FALSE))),2)} -> 70 | K88: {=SUMPRODUCT(E88:I88,$E$67:$I$67)} -> 1160
B89: 21 | C89: 0 | D89: 0 | E89: {=ROUND((INDEX(属性分配!$C$4:$G$4,MATCH(E$68,属性分配!$C$3:$G$3,FALSE))+$B89*INDEX($C$18:$G$18,MATCH(E$68,$C$17:$G$17,FALSE))+INDEX($C$40:$G$60,MATCH($C89,$B$40:$B$60,FALSE),MATCH(E$68,$C$39:$G$39,FALSE))*INDEX(属性分配!$C$4:$G$4,MATCH(E$68,属性分配!$C$3:$G$3,FALSE)))*(1+INDEX($C$29:$G$34,MATCH($D89,$B$29:$B$34,FALSE),MATCH(E$68,$C$28:$G$28,FALSE))),2)} -> 489 | F89: {=ROUND((INDEX(属性分配!$C$4:$G$4,MATCH(F$68,属性分配!$C$3:$G$3,FALSE))+$B89*INDEX($C$18:$G$18,MATCH(F$68,$C$17:$G$17,FALSE))+INDEX($C$40:$G$60,MATCH($C89,$B$40:$B$60,FALSE),MATCH(F$68,$C$39:$G$39,FALSE))*INDEX(属性分配!$C$4:$G$4,MATCH(F$68,属性分配!$C$3:$G$3,FALSE)))*(1+INDEX($C$29:$G$34,MATCH($D89,$B$29:$B$34,FALSE),MATCH(F$68,$C$28:$G$28,FALSE))),2)} -> 81.5 | G89: {=ROUND((INDEX(属性分配!$C$4:$G$4,MATCH(G$68,属性分配!$C$3:$G$3,FALSE))+$B89*INDEX($C$18:$G$18,MATCH(G$68,$C$17:$G$17,FALSE))+INDEX($C$40:$G$60,MATCH($C89,$B$40:$B$60,FALSE),MATCH(G$68,$C$39:$G$39,FALSE))*INDEX(属性分配!$C$4:$G$4,MATCH(G$68,属性分配!$C$3:$G$3,FALSE)))*(1+INDEX($C$29:$G$34,MATCH($D89,$B$29:$B$34,FALSE),MATCH(G$68,$C$28:$G$28,FALSE))),2)} -> 81.5 | H89: {=ROUND((INDEX(属性分配!$C$4:$G$4,MATCH(H$68,属性分配!$C$3:$G$3,FALSE))+$B89*INDEX($C$18:$G$18,MATCH(H$68,$C$17:$G$17,FALSE))+INDEX($C$40:$G$60,MATCH($C89,$B$40:$B$60,FALSE),MATCH(H$68,$C$39:$G$39,FALSE))*INDEX(属性分配!$C$4:$G$4,MATCH(H$68,属性分配!$C$3:$G$3,FALSE)))*(1+INDEX($C$29:$G$34,MATCH($D89,$B$29:$B$34,FALSE),MATCH(H$68,$C$28:$G$28,FALSE))),2)} -> 71 | I89: {=ROUND((INDEX(属性分配!$C$4:$G$4,MATCH(I$68,属性分配!$C$3:$G$3,FALSE))+$B89*INDEX($C$18:$G$18,MATCH(I$68,$C$17:$G$17,FALSE))+INDEX($C$40:$G$60,MATCH($C89,$B$40:$B$60,FALSE),MATCH(I$68,$C$39:$G$39,FALSE))*INDEX(属性分配!$C$4:$G$4,MATCH(I$68,属性分配!$C$3:$G$3,FALSE)))*(1+INDEX($C$29:$G$34,MATCH($D89,$B$29:$B$34,FALSE),MATCH(I$68,$C$28:$G$28,FALSE))),2)} -> 71 | K89: {=SUMPRODUCT(E89:I89,$E$67:$I$67)} -> 1180.5
B90: 22 | C90: 0 | D90: 0 | E90: {=ROUND((INDEX(属性分配!$C$4:$G$4,MATCH(E$68,属性分配!$C$3:$G$3,FALSE))+$B90*INDEX($C$18:$G$18,MATCH(E$68,$C$17:$G$17,FALSE))+INDEX($C$40:$G$60,MATCH($C90,$B$40:$B$60,FALSE),MATCH(E$68,$C$39:$G$39,FALSE))*INDEX(属性分配!$C$4:$G$4,MATCH(E$68,属性分配!$C$3:$G$3,FALSE)))*(1+INDEX($C$29:$G$34,MATCH($D90,$B$29:$B$34,FALSE),MATCH(E$68,$C$28:$G$28,FALSE))),2)} -> 498 | F90: {=ROUND((INDEX(属性分配!$C$4:$G$4,MATCH(F$68,属性分配!$C$3:$G$3,FALSE))+$B90*INDEX($C$18:$G$18,MATCH(F$68,$C$17:$G$17,FALSE))+INDEX($C$40:$G$60,MATCH($C90,$B$40:$B$60,FALSE),MATCH(F$68,$C$39:$G$39,FALSE))*INDEX(属性分配!$C$4:$G$4,MATCH(F$68,属性分配!$C$3:$G$3,FALSE)))*(1+INDEX($C$29:$G$34,MATCH($D90,$B$29:$B$34,FALSE),MATCH(F$68,$C$28:$G$28,FALSE))),2)} -> 83 | G90: {=ROUND((INDEX(属性分配!$C$4:$G$4,MATCH(G$68,属性分配!$C$3:$G$3,FALSE))+$B90*INDEX($C$18:$G$18,MATCH(G$68,$C$17:$G$17,FALSE))+INDEX($C$40:$G$60,MATCH($C90,$B$40:$B$60,FALSE),MATCH(G$68,$C$39:$G$39,FALSE))*INDEX(属性分配!$C$4:$G$4,MATCH(G$68,属性分配!$C$3:$G$3,FALSE)))*(1+INDEX($C$29:$G$34,MATCH($D90,$B$29:$B$34,FALSE),MATCH(G$68,$C$28:$G$28,FALSE))),2)} -> 83 | H90: {=ROUND((INDEX(属性分配!$C$4:$G$4,MATCH(H$68,属性分配!$C$3:$G$3,FALSE))+$B90*INDEX($C$18:$G$18,MATCH(H$68,$C$17:$G$17,FALSE))+INDEX($C$40:$G$60,MATCH($C90,$B$40:$B$60,FALSE),MATCH(H$68,$C$39:$G$39,FALSE))*INDEX(属性分配!$C$4:$G$4,MATCH(H$68,属性分配!$C$3:$G$3,FALSE)))*(1+INDEX($C$29:$G$34,MATCH($D90,$B$29:$B$34,FALSE),MATCH(H$68,$C$28:$G$28,FALSE))),2)} -> 72 | I90: {=ROUND((INDEX(属性分配!$C$4:$G$4,MATCH(I$68,属性分配!$C$3:$G$3,FALSE))+$B90*INDEX($C$18:$G$18,MATCH(I$68,$C$17:$G$17,FALSE))+INDEX($C$40:$G$60,MATCH($C90,$B$40:$B$60,FALSE),MATCH(I$68,$C$39:$G$39,FALSE))*INDEX(属性分配!$C$4:$G$4,MATCH(I$68,属性分配!$C$3:$G$3,FALSE)))*(1+INDEX($C$29:$G$34,MATCH($D90,$B$29:$B$34,FALSE),MATCH(I$68,$C$28:$G$28,FALSE))),2)} -> 72 | K90: {=SUMPRODUCT(E90:I90,$E$67:$I$67)} -> 1201
B91: 23 | C91: 0 | D91: 0 | E91: {=ROUND((INDEX(属性分配!$C$4:$G$4,MATCH(E$68,属性分配!$C$3:$G$3,FALSE))+$B91*INDEX($C$18:$G$18,MATCH(E$68,$C$17:$G$17,FALSE))+INDEX($C$40:$G$60,MATCH($C91,$B$40:$B$60,FALSE),MATCH(E$68,$C$39:$G$39,FALSE))*INDEX(属性分配!$C$4:$G$4,MATCH(E$68,属性分配!$C$3:$G$3,FALSE)))*(1+INDEX($C$29:$G$34,MATCH($D91,$B$29:$B$34,FALSE),MATCH(E$68,$C$28:$G$28,FALSE))),2)} -> 507 | F91: {=ROUND((INDEX(属性分配!$C$4:$G$4,MATCH(F$68,属性分配!$C$3:$G$3,FALSE))+$B91*INDEX($C$18:$G$18,MATCH(F$68,$C$17:$G$17,FALSE))+INDEX($C$40:$G$60,MATCH($C91,$B$40:$B$60,FALSE),MATCH(F$68,$C$39:$G$39,FALSE))*INDEX(属性分配!$C$4:$G$4,MATCH(F$68,属性分配!$C$3:$G$3,FALSE)))*(1+INDEX($C$29:$G$34,MATCH($D91,$B$29:$B$34,FALSE),MATCH(F$68,$C$28:$G$28,FALSE))),2)} -> 84.5 | G91: {=ROUND((INDEX(属性分配!$C$4:$G$4,MATCH(G$68,属性分配!$C$3:$G$3,FALSE))+$B91*INDEX($C$18:$G$18,MATCH(G$68,$C$17:$G$17,FALSE))+INDEX($C$40:$G$60,MATCH($C91,$B$40:$B$60,FALSE),MATCH(G$68,$C$39:$G$39,FALSE))*INDEX(属性分配!$C$4:$G$4,MATCH(G$68,属性分配!$C$3:$G$3,FALSE)))*(1+INDEX($C$29:$G$34,MATCH($D91,$B$29:$B$34,FALSE),MATCH(G$68,$C$28:$G$28,FALSE))),2)} -> 84.5 | H91: {=ROUND((INDEX(属性分配!$C$4:$G$4,MATCH(H$68,属性分配!$C$3:$G$3,FALSE))+$B91*INDEX($C$18:$G$18,MATCH(H$68,$C$17:$G$17,FALSE))+INDEX($C$40:$G$60,MATCH($C91,$B$40:$B$60,FALSE),MATCH(H$68,$C$39:$G$39,FALSE))*INDEX(属性分配!$C$4:$G$4,MATCH(H$68,属性分配!$C$3:$G$3,FALSE)))*(1+INDEX($C$29:$G$34,MATCH($D91,$B$29:$B$34,FALSE),MATCH(H$68,$C$28:$G$28,FALSE))),2)} -> 73 | I91: {=ROUND((INDEX(属性分配!$C$4:$G$4,MATCH(I$68,属性分配!$C$3:$G$3,FALSE))+$B91*INDEX($C$18:$G$18,MATCH(I$68,$C$17:$G$17,FALSE))+INDEX($C$40:$G$60,MATCH($C91,$B$40:$B$60,FALSE),MATCH(I$68,$C$39:$G$39,FALSE))*INDEX(属性分配!$C$4:$G$4,MATCH(I$68,属性分配!$C$3:$G$3,FALSE)))*(1+INDEX($C$29:$G$34,MATCH($D91,$B$29:$B$34,FALSE),MATCH(I$68,$C$28:$G$28,FALSE))),2)} -> 73 | K91: {=SUMPRODUCT(E91:I91,$E$67:$I$67)} -> 1221.5
B92: 24 | C92: 0 | D92: 0 | E92: {=ROUND((INDEX(属性分配!$C$4:$G$4,MATCH(E$68,属性分配!$C$3:$G$3,FALSE))+$B92*INDEX($C$18:$G$18,MATCH(E$68,$C$17:$G$17,FALSE))+INDEX($C$40:$G$60,MATCH($C92,$B$40:$B$60,FALSE),MATCH(E$68,$C$39:$G$39,FALSE))*INDEX(属性分配!$C$4:$G$4,MATCH(E$68,属性分配!$C$3:$G$3,FALSE)))*(1+INDEX($C$29:$G$34,MATCH($D92,$B$29:$B$34,FALSE),MATCH(E$68,$C$28:$G$28,FALSE))),2)} -> 516 | F92: {=ROUND((INDEX(属性分配!$C$4:$G$4,MATCH(F$68,属性分配!$C$3:$G$3,FALSE))+$B92*INDEX($C$18:$G$18,MATCH(F$68,$C$17:$G$17,FALSE))+INDEX($C$40:$G$60,MATCH($C92,$B$40:$B$60,FALSE),MATCH(F$68,$C$39:$G$39,FALSE))*INDEX(属性分配!$C$4:$G$4,MATCH(F$68,属性分配!$C$3:$G$3,FALSE)))*(1+INDEX($C$29:$G$34,MATCH($D92,$B$29:$B$34,FALSE),MATCH(F$68,$C$28:$G$28,FALSE))),2)} -> 86 | G92: {=ROUND((INDEX(属性分配!$C$4:$G$4,MATCH(G$68,属性分配!$C$3:$G$3,FALSE))+$B92*INDEX($C$18:$G$18,MATCH(G$68,$C$17:$G$17,FALSE))+INDEX($C$40:$G$60,MATCH($C92,$B$40:$B$60,FALSE),MATCH(G$68,$C$39:$G$39,FALSE))*INDEX(属性分配!$C$4:$G$4,MATCH(G$68,属性分配!$C$3:$G$3,FALSE)))*(1+INDEX($C$29:$G$34,MATCH($D92,$B$29:$B$34,FALSE),MATCH(G$68,$C$28:$G$28,FALSE))),2)} -> 86 | H92: {=ROUND((INDEX(属性分配!$C$4:$G$4,MATCH(H$68,属性分配!$C$3:$G$3,FALSE))+$B92*INDEX($C$18:$G$18,MATCH(H$68,$C$17:$G$17,FALSE))+INDEX($C$40:$G$60,MATCH($C92,$B$40:$B$60,FALSE),MATCH(H$68,$C$39:$G$39,FALSE))*INDEX(属性分配!$C$4:$G$4,MATCH(H$68,属性分配!$C$3:$G$3,FALSE)))*(1+INDEX($C$29:$G$34,MATCH($D92,$B$29:$B$34,FALSE),MATCH(H$68,$C$28:$G$28,FALSE))),2)} -> 74 | I92: {=ROUND((INDEX(属性分配!$C$4:$G$4,MATCH(I$68,属性分配!$C$3:$G$3,FALSE))+$B92*INDEX($C$18:$G$18,MATCH(I$68,$C$17:$G$17,FALSE))+INDEX($C$40:$G$60,MATCH($C92,$B$40:$B$60,FALSE),MATCH(I$68,$C$39:$G$39,FALSE))*INDEX(属性分配!$C$4:$G$4,MATCH(I$68,属性分配!$C$3:$G$3,FALSE)))*(1+INDEX($C$29:$G$34,MATCH($D92,$B$29:$B$34,FALSE),MATCH(I$68,$C$28:$G$28,FALSE))),2)} -> 74 | K92: {=SUMPRODUCT(E92:I92,$E$67:$I$67)} -> 1242
B93: 25 | C93: 0 | D93: 0 | E93: {=ROUND((INDEX(属性分配!$C$4:$G$4,MATCH(E$68,属性分配!$C$3:$G$3,FALSE))+$B93*INDEX($C$18:$G$18,MATCH(E$68,$C$17:$G$17,FALSE))+INDEX($C$40:$G$60,MATCH($C93,$B$40:$B$60,FALSE),MATCH(E$68,$C$39:$G$39,FALSE))*INDEX(属性分配!$C$4:$G$4,MATCH(E$68,属性分配!$C$3:$G$3,FALSE)))*(1+INDEX($C$29:$G$34,MATCH($D93,$B$29:$B$34,FALSE),MATCH(E$68,$C$28:$G$28,FALSE))),2)} -> 525 | F93: {=ROUND((INDEX(属性分配!$C$4:$G$4,MATCH(F$68,属性分配!$C$3:$G$3,FALSE))+$B93*INDEX($C$18:$G$18,MATCH(F$68,$C$17:$G$17,FALSE))+INDEX($C$40:$G$60,MATCH($C93,$B$40:$B$60,FALSE),MATCH(F$68,$C$39:$G$39,FALSE))*INDEX(属性分配!$C$4:$G$4,MATCH(F$68,属性分配!$C$3:$G$3,FALSE)))*(1+INDEX($C$29:$G$34,MATCH($D93,$B$29:$B$34,FALSE),MATCH(F$68,$C$28:$G$28,FALSE))),2)} -> 87.5 | G93: {=ROUND((INDEX(属性分配!$C$4:$G$4,MATCH(G$68,属性分配!$C$3:$G$3,FALSE))+$B93*INDEX($C$18:$G$18,MATCH(G$68,$C$17:$G$17,FALSE))+INDEX($C$40:$G$60,MATCH($C93,$B$40:$B$60,FALSE),MATCH(G$68,$C$39:$G$39,FALSE))*INDEX(属性分配!$C$4:$G$4,MATCH(G$68,属性分配!$C$3:$G$3,FALSE)))*(1+INDEX($C$29:$G$34,MATCH($D93,$B$29:$B$34,FALSE),MATCH(G$68,$C$28:$G$28,FALSE))),2)} -> 87.5 | H93: {=ROUND((INDEX(属性分配!$C$4:$G$4,MATCH(H$68,属性分配!$C$3:$G$3,FALSE))+$B93*INDEX($C$18:$G$18,MATCH(H$68,$C$17:$G$17,FALSE))+INDEX($C$40:$G$60,MATCH($C93,$B$40:$B$60,FALSE),MATCH(H$68,$C$39:$G$39,FALSE))*INDEX(属性分配!$C$4:$G$4,MATCH(H$68,属性分配!$C$3:$G$3,FALSE)))*(1+INDEX($C$29:$G$34,MATCH($D93,$B$29:$B$34,FALSE),MATCH(H$68,$C$28:$G$28,FALSE))),2)} -> 75 | I93: {=ROUND((INDEX(属性分配!$C$4:$G$4,MATCH(I$68,属性分配!$C$3:$G$3,FALSE))+$B93*INDEX($C$18:$G$18,MATCH(I$68,$C$17:$G$17,FALSE))+INDEX($C$40:$G$60,MATCH($C93,$B$40:$B$60,FALSE),MATCH(I$68,$C$39:$G$39,FALSE))*INDEX(属性分配!$C$4:$G$4,MATCH(I$68,属性分配!$C$3:$G$3,FALSE)))*(1+INDEX($C$29:$G$34,MATCH($D93,$B$29:$B$34,FALSE),MATCH(I$68,$C$28:$G$28,FALSE))),2)} -> 75 | K93: {=SUMPRODUCT(E93:I93,$E$67:$I$67)} -> 1262.5
B94: 26 | C94: 0 | D94: 0 | E94: {=ROUND((INDEX(属性分配!$C$4:$G$4,MATCH(E$68,属性分配!$C$3:$G$3,FALSE))+$B94*INDEX($C$18:$G$18,MATCH(E$68,$C$17:$G$17,FALSE))+INDEX($C$40:$G$60,MATCH($C94,$B$40:$B$60,FALSE),MATCH(E$68,$C$39:$G$39,FALSE))*INDEX(属性分配!$C$4:$G$4,MATCH(E$68,属性分配!$C$3:$G$3,FALSE)))*(1+INDEX($C$29:$G$34,MATCH($D94,$B$29:$B$34,FALSE),MATCH(E$68,$C$28:$G$28,FALSE))),2)} -> 534 | F94: {=ROUND((INDEX(属性分配!$C$4:$G$4,MATCH(F$68,属性分配!$C$3:$G$3,FALSE))+$B94*INDEX($C$18:$G$18,MATCH(F$68,$C$17:$G$17,FALSE))+INDEX($C$40:$G$60,MATCH($C94,$B$40:$B$60,FALSE),MATCH(F$68,$C$39:$G$39,FALSE))*INDEX(属性分配!$C$4:$G$4,MATCH(F$68,属性分配!$C$3:$G$3,FALSE)))*(1+INDEX($C$29:$G$34,MATCH($D94,$B$29:$B$34,FALSE),MATCH(F$68,$C$28:$G$28,FALSE))),2)} -> 89 | G94: {=ROUND((INDEX(属性分配!$C$4:$G$4,MATCH(G$68,属性分配!$C$3:$G$3,FALSE))+$B94*INDEX($C$18:$G$18,MATCH(G$68,$C$17:$G$17,FALSE))+INDEX($C$40:$G$60,MATCH($C94,$B$40:$B$60,FALSE),MATCH(G$68,$C$39:$G$39,FALSE))*INDEX(属性分配!$C$4:$G$4,MATCH(G$68,属性分配!$C$3:$G$3,FALSE)))*(1+INDEX($C$29:$G$34,MATCH($D94,$B$29:$B$34,FALSE),MATCH(G$68,$C$28:$G$28,FALSE))),2)} -> 89 | H94: {=ROUND((INDEX(属性分配!$C$4:$G$4,MATCH(H$68,属性分配!$C$3:$G$3,FALSE))+$B94*INDEX($C$18:$G$18,MATCH(H$68,$C$17:$G$17,FALSE))+INDEX($C$40:$G$60,MATCH($C94,$B$40:$B$60,FALSE),MATCH(H$68,$C$39:$G$39,FALSE))*INDEX(属性分配!$C$4:$G$4,MATCH(H$68,属性分配!$C$3:$G$3,FALSE)))*(1+INDEX($C$29:$G$34,MATCH($D94,$B$29:$B$34,FALSE),MATCH(H$68,$C$28:$G$28,FALSE))),2)} -> 76 | I94: {=ROUND((INDEX(属性分配!$C$4:$G$4,MATCH(I$68,属性分配!$C$3:$G$3,FALSE))+$B94*INDEX($C$18:$G$18,MATCH(I$68,$C$17:$G$17,FALSE))+INDEX($C$40:$G$60,MATCH($C94,$B$40:$B$60,FALSE),MATCH(I$68,$C$39:$G$39,FALSE))*INDEX(属性分配!$C$4:$G$4,MATCH(I$68,属性分配!$C$3:$G$3,FALSE)))*(1+INDEX($C$29:$G$34,MATCH($D94,$B$29:$B$34,FALSE),MATCH(I$68,$C$28:$G$28,FALSE))),2)} -> 76 | K94: {=SUMPRODUCT(E94:I94,$E$67:$I$67)} -> 1283
... B168: 100 | C168: 1 | D168: 0 | E168: {=ROUND((INDEX(属性分配!$C$4:$G$4,MATCH(E$68,属性分配!$C$3:$G$3,FALSE))+$B168*INDEX($C$18:$G$18,MATCH(E$68,$C$17:$G$17,FALSE))+INDEX($C$40:$G$60,MATCH($C168,$B$40:$B$60,FALSE),MATCH(E$68,$C$39:$G$39,FALSE))*INDEX(属性分配!$C$4:$G$4,MATCH(E$68,属性分配!$C$3:$G$3,FALSE)))*(1+INDEX($C$29:$G$34,MATCH($D168,$B$29:$B$34,FALSE),MATCH(E$68,$C$28:$G$28,FALSE))),2)} -> 1222.5 | F168: {=ROUND((INDEX(属性分配!$C$4:$G$4,MATCH(F$68,属性分配!$C$3:$G$3,FALSE))+$B168*INDEX($C$18:$G$18,MATCH(F$68,$C$17:$G$17,FALSE))+INDEX($C$40:$G$60,MATCH($C168,$B$40:$B$60,FALSE),MATCH(F$68,$C$39:$G$39,FALSE))*INDEX(属性分配!$C$4:$G$4,MATCH(F$68,属性分配!$C$3:$G$3,FALSE)))*(1+INDEX($C$29:$G$34,MATCH($D168,$B$29:$B$34,FALSE),MATCH(F$68,$C$28:$G$28,FALSE))),2)} -> 203.75 | G168: {=ROUND((INDEX(属性分配!$C$4:$G$4,MATCH(G$68,属性分配!$C$3:$G$3,FALSE))+$B168*INDEX($C$18:$G$18,MATCH(G$68,$C$17:$G$17,FALSE))+INDEX($C$40:$G$60,MATCH($C168,$B$40:$B$60,FALSE),MATCH(G$68,$C$39:$G$39,FALSE))*INDEX(属性分配!$C$4:$G$4,MATCH(G$68,属性分配!$C$3:$G$3,FALSE)))*(1+INDEX($C$29:$G$34,MATCH($D168,$B$29:$B$34,FALSE),MATCH(G$68,$C$28:$G$28,FALSE))),2)} -> 203.75 | H168: {=ROUND((INDEX(属性分配!$C$4:$G$4,MATCH(H$68,属性分配!$C$3:$G$3,FALSE))+$B168*INDEX($C$18:$G$18,MATCH(H$68,$C$17:$G$17,FALSE))+INDEX($C$40:$G$60,MATCH($C168,$B$40:$B$60,FALSE),MATCH(H$68,$C$39:$G$39,FALSE))*INDEX(属性分配!$C$4:$G$4,MATCH(H$68,属性分配!$C$3:$G$3,FALSE)))*(1+INDEX($C$29:$G$34,MATCH($D168,$B$29:$B$34,FALSE),MATCH(H$68,$C$28:$G$28,FALSE))),2)} -> 152.5 | I168: {=ROUND((INDEX(属性分配!$C$4:$G$4,MATCH(I$68,属性分配!$C$3:$G$3,FALSE))+$B168*INDEX($C$18:$G$18,MATCH(I$68,$C$17:$G$17,FALSE))+INDEX($C$40:$G$60,MATCH($C168,$B$40:$B$60,FALSE),MATCH(I$68,$C$39:$G$39,FALSE))*INDEX(属性分配!$C$4:$G$4,MATCH(I$68,属性分配!$C$3:$G$3,FALSE)))*(1+INDEX($C$29:$G$34,MATCH($D168,$B$29:$B$34,FALSE),MATCH(I$68,$C$28:$G$28,FALSE))),2)} -> 152.5 | K168: {=SUMPRODUCT(E168:I168,$E$67:$I$67)} -> 2851.25

Sheet 弟子属性表
B1: 基础设定 | N1: 基础属性修正 - 调整弟子个体差异 | V1: 基础属性-1级，最终计算结果客户端显示取整 | AF1: 二级属性 | AX1: #基础属性Base-0级（标准属性*模板修正*品质强度修正*弟子个人修正） | BF1: #成长属性BaseAdd | BN1: #满级属性-当前配置 | BW1: #满级属性-满强化，满星级
V2: hp | W2: atk | X2: mp | Y2: ac | Z2: mc | AD2: asp | AE2: spd | AF2: hit | AG2: mis | AH2: cr | AI2: dcr | AJ2: crr | AL2: ad | AM2: rd | AP2: acp | AQ2: mcp
A3: 弟子id | B3: 弟子名称 | C3: 弟子职业 | D3: 品质 | E3: 资质强度 | F3: 品质强度修正 | G3: 最大突破级别 | H3: 最大星级 | I3: 是否显示投放 | J3: 初始等级 | K3: 初始星级 | L3: 初始突破等级 | M3: 初始经验 | N3: 生命值修正 | O3: 外攻修正 | P3: 内攻修正 | Q3: 外防修正 | R3: 内防修正 | S3: 农牧 | T3: 学识 | U3: 手工 | V3: 生命值 | W3: 外攻 | X3: 内攻 | Y3: 外防 | Z3: 内防 | AA3: 农牧 | AB3: 手工 | AC3: 学识 | AD3: 普攻速度 | AE3: 移动速度 | AF3: 命中率 | AG3: 闪避率 | AH3: 暴击率 | AI3: 抗暴率 | AJ3: 爆伤 | AK3: 暴击减伤 | AL3: 增伤率 | AM3: 减伤率 | AN3: 增伤值 | AO3: 减伤值 | AP3: 护甲穿透率 | AQ3: 法术穿透率 | AR3: 护甲穿透值 | AS3: 法术穿透值 | AT3: 吸血 | AU3: 治疗率 | AV3: 受治疗率 | AW3: 极速 | AX3: 生命值 | AY3: 外攻 | AZ3: 内攻 | BA3: 外防 | BB3: 内防 | BC3: 农牧 | BD3: 学识 | BE3: 手工 | BF3: 生命值 | BG3: 外攻 | BH3: 内攻 | BI3: 外防 | BJ3: 内防 | BK3: 农牧 | BL3: 学识 | BM3: 手工 | BN3: 生命值 | BO3: 外攻 | BP3: 内攻 | BQ3: 外防 | BR3: 内防 | BS3: 农牧 | BT3: 学识 | BU3: 手工 | BV3: 纯战斗力 | BW3: 生命值 | BX3: 外攻 | BY3: 内攻 | BZ3: 外防 | CA3: 内防 | CB3: 农牧 | CC3: 学识 | CD3: 手工 | CE3: 纯战斗力
A4: 10000 | B4: 模板1 | C4: 坦克 | D4: 4 | E4: 4 | F4: 1 | G4: 20 | H4: 5 | I4: 0 | J4: 1 | K4: 0 | L4: 0 | M4: 0 | N4: 1 | O4: 1 | P4: 1 | Q4: 1 | R4: 1 | S4: 1 | T4: 1 | U4: 1 | V4: {=ROUND((AX4+BF4*$J4+INDEX(职业模板!$C$40:$J$60,MATCH($L4,职业模板!$B$40:$B$60,FALSE),MATCH(V$3,职业模板!$C$39:$J$39,FALSE))*AX4)*(1+INDEX(职业模板!$C$29:$J$34,MATCH($K4,职业模板!$B$29:$B$34,FALSE),MATCH(V$3,职业模板!$C$28:$J$28,FALSE))),2)} -> 417.15 | W4: {=ROUND((AY4+BG4*$J4+INDEX(职业模板!$C$40:$J$60,MATCH($L4,职业模板!$B$40:$B$60,FALSE),MATCH(W$3,职业模板!$C$39:$J$39,FALSE))*AY4)*(1+INDEX(职业模板!$C$29:$J$34,MATCH($K4,职业模板!$B$29:$B$34,FALSE),MATCH(W$3,职业模板!$C$28:$J$28,FALSE))),2)} -> 41.2 | X4: {=ROUND((AZ4+BH4*$J4+INDEX(职业模板!$C$40:$J$60,MATCH($L4,职业模板!$B$40:$B$60,FALSE),MATCH(X$3,职业模板!$C$39:$J$39,FALSE))*AZ4)*(1+INDEX(职业模板!$C$29:$J$34,MATCH($K4,职业模板!$B$29:$B$34,FALSE),MATCH(X$3,职业模板!$C$28:$J$28,FALSE))),2)} -> 38.63 | Y4: {=ROUND((BA4+BI4*$J4+INDEX(职业模板!$C$40:$J$60,MATCH($L4,职业模板!$B$40:$B$60,FALSE),MATCH(Y$3,职业模板!$C$39:$J$39,FALSE))*BA4)*(1+INDEX(职业模板!$C$29:$J$34,MATCH($K4,职业模板!$B$29:$B$34,FALSE),MATCH(Y$3,职业模板!$C$28:$J$28,FALSE))),2)} -> 61.2 | Z4: {=ROUND((BB4+BJ4*$J4+INDEX(职业模板!$C$40:$J$60,MATCH($L4,职业模板!$B$40:$B$60,FALSE),MATCH(Z$3,职业模板!$C$39:$J$39,FALSE))*BB4)*(1+INDEX(职业模板!$C$29:$J$34,MATCH($K4,职业模板!$B$29:$B$34,FALSE),MATCH(Z$3,职业模板!$C$28:$J$28,FALSE))),2)} -> 40.8 | AA4: {=ROUND((BC4+BK4*$J4+INDEX(职业模板!$C$40:$J$60,MATCH($L4,职业模板!$B$40:$B$60,FALSE),MATCH(AA$3,职业模板!$C$39:$J$39,FALSE))*BC4)*(1+INDEX(职业模板!$C$29:$J$34,MATCH($K4,职业模板!$B$29:$B$34,FALSE),MATCH(AA$3,职业模板!$C$28:$J$28,FALSE))),2)} -> 60.6 | AB4: {=ROUND((BD4+BL4*$J4+INDEX(职业模板!$C$40:$J$60,MATCH($L4,职业模板!$B$40:$B$60,FALSE),MATCH(AB$3,职业模板!$C$39:$J$39,FALSE))*BD4)*(1+INDEX(职业模板!$C$29:$J$34,MATCH($K4,职业模板!$B$29:$B$34,FALSE),MATCH(AB$3,职业模板!$C$28:$J$28,FALSE))),2)} -> 60.6 | AC4: {=ROUND((BE4+BM4*$J4+INDEX(职业模板!$C$40:$J$60,MATCH($L4,职业模板!$B$40:$B$60,FALSE),MATCH(AC$3,职业模板!$C$39:$J$39,FALSE))*BE4)*(1+INDEX(职业模板!$C$29:$J$34,MATCH($K4,职业模板!$B$29:$B$34,FALSE),MATCH(AC$3,职业模板!$C$28:$J$28,FALSE))),2)} -> 60.6 | AD4: 1.5 | AE4: 2 | AX4: {=IFERROR(INDEX(属性分配!$C$4:$J$4,MATCH(AX$3,属性分配!$C$3:$J$3,FALSE))*INDEX(职业模板!$C$5:$J$12,MATCH($C4,职业模板!$B$5:$B$12,FALSE),MATCH(AX$3,职业模板!$C$3:$J$3,FALSE))*$F4*N4,"")} -> 405 | AY4: {=IFERROR(INDEX(属性分配!$C$4:$J$4,MATCH(AY$3,属性分配!$C$3:$J$3,FALSE))*INDEX(职业模板!$C$5:$J$12,MATCH($C4,职业模板!$B$5:$B$12,FALSE),MATCH(AY$3,职业模板!$C$3:$J$3,FALSE))*$F4*O4,"")} -> 40 | AZ4: {=IFERROR(INDEX(属性分配!$C$4:$J$4,MATCH(AZ$3,属性分配!$C$3:$J$3,FALSE))*INDEX(职业模板!$C$5:$J$12,MATCH($C4,职业模板!$B$5:$B$12,FALSE),MATCH(AZ$3,职业模板!$C$3:$J$3,FALSE))*$F4*P4,"")} -> 37.5 | BA4: {=IFERROR(INDEX(属性分配!$C$4:$J$4,MATCH(BA$3,属性分配!$C$3:$J$3,FALSE))*INDEX(职业模板!$C$5:$J$12,MATCH($C4,职业模板!$B$5:$B$12,FALSE),MATCH(BA$3,职业模板!$C$3:$J$3,FALSE))*$F4*Q4,"")} -> 60 | BB4: {=IFERROR(INDEX(属性分配!$C$4:$J$4,MATCH(BB$3,属性分配!$C$3:$J$3,FALSE))*INDEX(职业模板!$C$5:$J$12,MATCH($C4,职业模板!$B$5:$B$12,FALSE),MATCH(BB$3,职业模板!$C$3:$J$3,FALSE))*$F4*R4,"")} -> 40 | BC4: {=IFERROR(INDEX(属性分配!$C$4:$J$4,MATCH(BC$3,属性分配!$C$3:$J$3,FALSE))*INDEX(职业模板!$C$5:$J$12,MATCH($C4,职业模板!$B$5:$B$12,FALSE),MATCH(BC$3,职业模板!$C$3:$J$3,FALSE))*$F4*S4,"")} -> 60 | BD4: {=IFERROR(INDEX(属性分配!$C$4:$J$4,MATCH(BD$3,属性分配!$C$3:$J$3,FALSE))*INDEX(职业模板!$C$5:$J$12,MATCH($C4,职业模板!$B$5:$B$12,FALSE),MATCH(BD$3,职业模板!$C$3:$J$3,FALSE))*$F4*T4,"")} -> 60 | BE4: {=IFERROR(INDEX(属性分配!$C$4:$J$4,MATCH(BE$3,属性分配!$C$3:$J$3,FALSE))*INDEX(职业模板!$C$5:$J$12,MATCH($C4,职业模板!$B$5:$B$12,FALSE),MATCH(BE$3,职业模板!$C$3:$J$3,FALSE))*$F4*U4,"")} -> 60 | BF4: {=IFERROR(INDEX(属性分配!$C$11:$J$11,MATCH(BF$3,属性分配!$C$3:$J$3,FALSE))/职业模板!$E$16*AX4,"")} -> 12.15 | BG4: {=IFERROR(INDEX(属性分配!$C$11:$J$11,MATCH(BG$3,属性分配!$C$3:$J$3,FALSE))/职业模板!$E$16*AY4,"")} -> 1.2 | BH4: {=IFERROR(INDEX(属性分配!$C$11:$J$11,MATCH(BH$3,属性分配!$C$3:$J$3,FALSE))/职业模板!$E$16*AZ4,"")} -> 1.125 | BI4: {=IFERROR(INDEX(属性分配!$C$11:$J$11,MATCH(BI$3,属性分配!$C$3:$J$3,FALSE))/职业模板!$E$16*BA4,"")} -> 1.2 | BJ4: {=IFERROR(INDEX(属性分配!$C$11:$J$11,MATCH(BJ$3,属性分配!$C$3:$J$3,FALSE))/职业模板!$E$16*BB4,"")} -> 0.8 | BK4: {=IFERROR(INDEX(属性分配!$C$11:$J$11,MATCH(BK$3,属性分配!$C$3:$J$3,FALSE))/职业模板!$E$16*BC4,"")} -> 0.6 | BL4: {=IFERROR(INDEX(属性分配!$C$11:$J$11,MATCH(BL$3,属性分配!$C$3:$J$3,FALSE))/职业模板!$E$16*BD4,"")} -> 0.6 | BM4: {=IFERROR(INDEX(属性分配!$C$11:$J$11,MATCH(BM$3,属性分配!$C$3:$J$3,FALSE))/职业模板!$E$16*BE4,"")} -> 0.6 | BN4: {=IFERROR(ROUND((AX4+BF4*职业模板!$E$16)*(1+INDEX(职业模板!$C$29:$J$34,MATCH($K4,职业模板!$B$29:$B$34,FALSE),MATCH(V$3,职业模板!$C$28:$J$28,FALSE))+INDEX(职业模板!$C$40:$J$60,MATCH($L4,职业模板!$B$40:$B$60,FALSE),MATCH(V$3,职业模板!$C$39:$J$39,FALSE))),2),"")} -> 1620 | BO4: {=IFERROR(ROUND((AY4+BG4*职业模板!$E$16)*(1+INDEX(职业模板!$C$29:$J$34,MATCH($K4,职业模板!$B$29:$B$34,FALSE),MATCH(W$3,职业模板!$C$28:$J$28,FALSE))+INDEX(职业模板!$C$40:$J$60,MATCH($L4,职业模板!$B$40:$B$60,FALSE),MATCH(W$3,职业模板!$C$39:$J$39,FALSE))),2),"")} -> 160 | BP4: {=IFERROR(ROUND((AZ4+BH4*职业模板!$E$16)*(1+INDEX(职业模板!$C$29:$J$34,MATCH($K4,职业模板!$B$29:$B$34,FALSE),MATCH(X$3,职业模板!$C$28:$J$28,FALSE))+INDEX(职业模板!$C$40:$J$60,MATCH($L4,职业模板!$B$40:$B$60,FALSE),MATCH(X$3,职业模板!$C$39:$J$39,FALSE))),2),"")} -> 150 | BQ4: {=IFERROR(ROUND((BA4+BI4*职业模板!$E$16)*(1+INDEX(职业模板!$C$29:$J$34,MATCH($K4,职业模板!$B$29:$B$34,FALSE),MATCH(Y$3,职业模板!$C$28:$J$28,FALSE))+INDEX(职业模板!$C$40:$J$60,MATCH($L4,职业模板!$B$40:$B$60,FALSE),MATCH(Y$3,职业模板!$C$39:$J$39,FALSE))),2),"")} -> 180 | BR4: {=IFERROR(ROUND((BB4+BJ4*职业模板!$E$16)*(1+INDEX(职业模板!$C$29:$J$34,MATCH($K4,职业模板!$B$29:$B$34,FALSE),MATCH(Z$3,职业模板!$C$28:$J$28,FALSE))+INDEX(职业模板!$C$40:$J$60,MATCH($L4,职业模板!$B$40:$B$60,FALSE),MATCH(Z$3,职业模板!$C$39:$J$39,FALSE))),2),"")} -> 120 | BS4: {=IFERROR(ROUND((BC4+BK4*职业模板!$E$16)*(1+INDEX(职业模板!$C$29:$J$34,MATCH($K4,职业模板!$B$29:$B$34,FALSE),MATCH(AA$3,职业模板!$C$28:$J$28,FALSE))+INDEX(职业模板!$C$40:$J$60,MATCH($L4,职业模板!$B$40:$B$60,FALSE),MATCH(AA$3,职业模板!$C$39:$J$39,FALSE))),2),"")} -> 120 | BT4: {=IFERROR(ROUND((BD4+BL4*职业模板!$E$16)*(1+INDEX(职业模板!$C$29:$J$34,MATCH($K4,职业模板!$B$29:$B$34,FALSE),MATCH(AB$3,职业模板!$C$28:$J$28,FALSE))+INDEX(职业模板!$C$40:$J$60,MATCH($L4,职业模板!$B$40:$B$60,FALSE),MATCH(AB$3,职业模板!$C$39:$J$39,FALSE))),2),"")} -> 120 | BU4: {=IFERROR(ROUND((BE4+BM4*职业模板!$E$16)*(1+INDEX(职业模板!$C$29:$J$34,MATCH($K4,职业模板!$B$29:$B$34,FALSE),MATCH(AC$3,职业模板!$C$28:$J$28,FALSE))+INDEX(职业模板!$C$40:$J$60,MATCH($L4,职业模板!$B$40:$B$60,FALSE),MATCH(AC$3,职业模板!$C$39:$J$39,FALSE))),2),"")} -> 120 | BV4: {=SUMPRODUCT(BN4:BR4,属性分配!$C$7:$G$7)} -> 2650 | BW4: {=IFERROR((AX4+BF4*职业模板!$E$16)*(1+INDEX(职业模板!$C$34:$J$34,MATCH(V$3,职业模板!$C$28:$J$28,FALSE))+INDEX(职业模板!$C$60:$J$60,MATCH(V$3,职业模板!$C$39:$J$39,FALSE))),"")} -> 9720 | BX4: {=IFERROR((AY4+BG4*职业模板!$E$16)*(1+INDEX(职业模板!$C$34:$J$34,MATCH(W$3,职业模板!$C$28:$J$28,FALSE))+INDEX(职业模板!$C$60:$J$60,MATCH(W$3,职业模板!$C$39:$J$39,FALSE))),"")} -> 800 | BY4: {=IFERROR((AZ4+BH4*职业模板!$E$16)*(1+INDEX(职业模板!$C$34:$J$34,MATCH(X$3,职业模板!$C$28:$J$28,FALSE))+INDEX(职业模板!$C$60:$J$60,MATCH(X$3,职业模板!$C$39:$J$39,FALSE))),"")} -> 750 | BZ4: {=IFERROR((BA4+BI4*职业模板!$E$16)*(1+INDEX(职业模板!$C$34:$J$34,MATCH(Y$3,职业模板!$C$28:$J$28,FALSE))+INDEX(职业模板!$C$60:$J$60,MATCH(Y$3,职业模板!$C$39:$J$39,FALSE))),"")} -> 720 | CA4: {=IFERROR((BB4+BJ4*职业模板!$E$16)*(1+INDEX(职业模板!$C$34:$J$34,MATCH(Z$3,职业模板!$C$28:$J$28,FALSE))+INDEX(职业模板!$C$60:$J$60,MATCH(Z$3,职业模板!$C$39:$J$39,FALSE))),"")} -> 480 | CB4: {=IFERROR((BC4+BK4*职业模板!$E$16)*(1+INDEX(职业模板!$C$34:$J$34,MATCH(AA$3,职业模板!$C$28:$J$28,FALSE))+INDEX(职业模板!$C$60:$J$60,MATCH(AA$3,职业模板!$C$39:$J$39,FALSE))),"")} -> 210 | CC4: {=IFERROR((BD4+BL4*职业模板!$E$16)*(1+INDEX(职业模板!$C$34:$J$34,MATCH(AB$3,职业模板!$C$28:$J$28,FALSE))+INDEX(职业模板!$C$60:$J$60,MATCH(AB$3,职业模板!$C$39:$J$39,FALSE))),"")} -> 210 | CD4: {=IFERROR((BE4+BM4*职业模板!$E$16)*(1+INDEX(职业模板!$C$34:$J$34,MATCH(AC$3,职业模板!$C$28:$J$28,FALSE))+INDEX(职业模板!$C$60:$J$60,MATCH(AC$3,职业模板!$C$39:$J$39,FALSE))),"")} -> 210 | CE4: {=IF(SUMPRODUCT(BW4:CA4,属性分配!$C$7:$G$7)=0,"",SUMPRODUCT(BW4:CA4,属性分配!$C$7:$G$7))} -> 13460
A5: 10001 | B5: 模板2 | C5: 战士 | D5: 4 | E5: 4 | F5: 1 | G5: 20 | H5: 5 | I5: 0 | J5: 1 | K5: 0 | L5: 0 | M5: 0 | N5: 1 | O5: 1 | P5: 1 | Q5: 1 | R5: 1 | S5: 1 | T5: 1 | U5: 1 | V5: {=ROUND((AX5+BF5*$J5+INDEX(职业模板!$C$40:$J$60,MATCH($L5,职业模板!$B$40:$B$60,FALSE),MATCH(V$3,职业模板!$C$39:$J$39,FALSE))*AX5)*(1+INDEX(职业模板!$C$29:$J$34,MATCH($K5,职业模板!$B$29:$B$34,FALSE),MATCH(V$3,职业模板!$C$28:$J$28,FALSE))),2)} -> 324.45 | W5: {=ROUND((AY5+BG5*$J5+INDEX(职业模板!$C$40:$J$60,MATCH($L5,职业模板!$B$40:$B$60,FALSE),MATCH(W$3,职业模板!$C$39:$J$39,FALSE))*AY5)*(1+INDEX(职业模板!$C$29:$J$34,MATCH($K5,职业模板!$B$29:$B$34,FALSE),MATCH(W$3,职业模板!$C$28:$J$28,FALSE))),2)} -> 56.65 | X5: {=ROUND((AZ5+BH5*$J5+INDEX(职业模板!$C$40:$J$60,MATCH($L5,职业模板!$B$40:$B$60,FALSE),MATCH(X$3,职业模板!$C$39:$J$39,FALSE))*AZ5)*(1+INDEX(职业模板!$C$29:$J$34,MATCH($K5,职业模板!$B$29:$B$34,FALSE),MATCH(X$3,职业模板!$C$28:$J$28,FALSE))),2)} -> 41.2 | Y5: {=ROUND((BA5+BI5*$J5+INDEX(职业模板!$C$40:$J$60,MATCH($L5,职业模板!$B$40:$B$60,FALSE),MATCH(Y$3,职业模板!$C$39:$J$39,FALSE))*BA5)*(1+INDEX(职业模板!$C$29:$J$34,MATCH($K5,职业模板!$B$29:$B$34,FALSE),MATCH(Y$3,职业模板!$C$28:$J$28,FALSE))),2)} -> 51 | Z5: {=ROUND((BB5+BJ5*$J5+INDEX(职业模板!$C$40:$J$60,MATCH($L5,职业模板!$B$40:$B$60,FALSE),MATCH(Z$3,职业模板!$C$39:$J$39,FALSE))*BB5)*(1+INDEX(职业模板!$C$29:$J$34,MATCH($K5,职业模板!$B$29:$B$34,FALSE),MATCH(Z$3,职业模板!$C$28:$J$28,FALSE))),2)} -> 48.45 | AA5: {=ROUND((BC5+BK5*$J5+INDEX(职业模板!$C$40:$J$60,MATCH($L5,职业模板!$B$40:$B$60,FALSE),MATCH(AA$3,职业模板!$C$39:$J$39,FALSE))*BC5)*(1+INDEX(职业模板!$C$29:$J$34,MATCH($K5,职业模板!$B$29:$B$34,FALSE),MATCH(AA$3,职业模板!$C$28:$J$28,FALSE))),2)} -> 70.7 | AB5: {=ROUND((BD5+BL5*$J5+INDEX(职业模板!$C$40:$J$60,MATCH($L5,职业模板!$B$40:$B$60,FALSE),MATCH(AB$3,职业模板!$C$39:$J$39,FALSE))*BD5)*(1+INDEX(职业模板!$C$29:$J$34,MATCH($K5,职业模板!$B$29:$B$34,FALSE),MATCH(AB$3,职业模板!$C$28:$J$28,FALSE))),2)} -> 50.5 | AC5: {=ROUND((BE5+BM5*$J5+INDEX(职业模板!$C$40:$J$60,MATCH($L5,职业模板!$B$40:$B$60,FALSE),MATCH(AC$3,职业模板!$C$39:$J$39,FALSE))*BE5)*(1+INDEX(职业模板!$C$29:$J$34,MATCH($K5,职业模板!$B$29:$B$34,FALSE),MATCH(AC$3,职业模板!$C$28:$J$28,FALSE))),2)} -> 60.6 | AD5: 1.5 | AE5: 2 | AX5: {=IFERROR(INDEX(属性分配!$C$4:$J$4,MATCH(AX$3,属性分配!$C$3:$J$3,FALSE))*INDEX(职业模板!$C$5:$J$12,MATCH($C5,职业模板!$B$5:$B$12,FALSE),MATCH(AX$3,职业模板!$C$3:$J$3,FALSE))*$F5*N5,"")} -> 315 | AY5: {=IFERROR(INDEX(属性分配!$C$4:$J$4,MATCH(AY$3,属性分配!$C$3:$J$3,FALSE))*INDEX(职业模板!$C$5:$J$12,MATCH($C5,职业模板!$B$5:$B$12,FALSE),MATCH(AY$3,职业模板!$C$3:$J$3,FALSE))*$F5*O5,"")} -> 55 | AZ5: {=IFERROR(INDEX(属性分配!$C$4:$J$4,MATCH(AZ$3,属性分配!$C$3:$J$3,FALSE))*INDEX(职业模板!$C$5:$J$12,MATCH($C5,职业模板!$B$5:$B$12,FALSE),MATCH(AZ$3,职业模板!$C$3:$J$3,FALSE))*$F5*P5,"")} -> 40 | BA5: {=IFERROR(INDEX(属性分配!$C$4:$J$4,MATCH(BA$3,属性分配!$C$3:$J$3,FALSE))*INDEX(职业模板!$C$5:$J$12,MATCH($C5,职业模板!$B$5:$B$12,FALSE),MATCH(BA$3,职业模板!$C$3:$J$3,FALSE))*$F5*Q5,"")} -> 50 | BB5: {=IFERROR(INDEX(属性分配!$C$4:$J$4,MATCH(BB$3,属性分配!$C$3:$J$3,FALSE))*INDEX(职业模板!$C$5:$J$12,MATCH($C5,职业模板!$B$5:$B$12,FALSE),MATCH(BB$3,职业模板!$C$3:$J$3,FALSE))*$F5*R5,"")} -> 47.5 | BC5: {=IFERROR(INDEX(属性分配!$C$4:$J$4,MATCH(BC$3,属性分配!$C$3:$J$3,FALSE))*INDEX(职业模板!$C$5:$J$12,MATCH($C5,职业模板!$B$5:$B$12,FALSE),MATCH(BC$3,职业模板!$C$3:$J$3,FALSE))*$F5*S5,"")} -> 70 | BD5: {=IFERROR(INDEX(属性分配!$C$4:$J$4,MATCH(BD$3,属性分配!$C$3:$J$3,FALSE))*INDEX(职业模板!$C$5:$J$12,MATCH($C5,职业模板!$B$5:$B$12,FALSE),MATCH(BD$3,职业模板!$C$3:$J$3,FALSE))*$F5*T5,"")} -> 50 | BE5: {=IFERROR(INDEX(属性分配!$C$4:$J$4,MATCH(BE$3,属性分配!$C$3:$J$3,FALSE))*INDEX(职业模板!$C$5:$J$12,MATCH($C5,职业模板!$B$5:$B$12,FALSE),MATCH(BE$3,职业模板!$C$3:$J$3,FALSE))*$F5*U5,"")} -> 60 | BF5: {=IFERROR(INDEX(属性分配!$C$11:$J$11,MATCH(BF$3,属性分配!$C$3:$J$3,FALSE))/职业模板!$E$16*AX5,"")} -> 9.45 | BG5: {=IFERROR(INDEX(属性分配!$C$11:$J$11,MATCH(BG$3,属性分配!$C$3:$J$3,FALSE))/职业模板!$E$16*AY5,"")} -> 1.65 | BH5: {=IFERROR(INDEX(属性分配!$C$11:$J$11,MATCH(BH$3,属性分配!$C$3:$J$3,FALSE))/职业模板!$E$16*AZ5,"")} -> 1.2 | BI5: {=IFERROR(INDEX(属性分配!$C$11:$J$11,MATCH(BI$3,属性分配!$C$3:$J$3,FALSE))/职业模板!$E$16*BA5,"")} -> 1 | BJ5: {=IFERROR(INDEX(属性分配!$C$11:$J$11,MATCH(BJ$3,属性分配!$C$3:$J$3,FALSE))/职业模板!$E$16*BB5,"")} -> 0.95 | BK5: {=IFERROR(INDEX(属性分配!$C$11:$J$11,MATCH(BK$3,属性分配!$C$3:$J$3,FALSE))/职业模板!$E$16*BC5,"")} -> 0.7 | BL5: {=IFERROR(INDEX(属性分配!$C$11:$J$11,MATCH(BL$3,属性分配!$C$3:$J$3,FALSE))/职业模板!$E$16*BD5,"")} -> 0.5 | BM5: {=IFERROR(INDEX(属性分配!$C$11:$J$11,MATCH(BM$3,属性分配!$C$3:$J$3,FALSE))/职业模板!$E$16*BE5,"")} -> 0.6 | BN5: {=IFERROR(ROUND((AX5+BF5*职业模板!$E$16)*(1+INDEX(职业模板!$C$29:$J$34,MATCH($K5,职业模板!$B$29:$B$34,FALSE),MATCH(V$3,职业模板!$C$28:$J$28,FALSE))+INDEX(职业模板!$C$40:$J$60,MATCH($L5,职业模板!$B$40:$B$60,FALSE),MATCH(V$3,职业模板!$C$39:$J$39,FALSE))),2),"")} -> 1260 | BO5: {=IFERROR(ROUND((AY5+BG5*职业模板!$E$16)*(1+INDEX(职业模板!$C$29:$J$34,MATCH($K5,职业模板!$B$29:$B$34,FALSE),MATCH(W$3,职业模板!$C$28:$J$28,FALSE))+INDEX(职业模板!$C$40:$J$60,MATCH($L5,职业模板!$B$40:$B$60,FALSE),MATCH(W$3,职业模板!$C$39:$J$39,FALSE))),2),"")} -> 220 | BP5: {=IFERROR(ROUND((AZ5+BH5*职业模板!$E$16)*(1+INDEX(职业模板!$C$29:$J$34,MATCH($K5,职业模板!$B$29:$B$34,FALSE),MATCH(X$3,职业模板!$C$28:$J$28,FALSE))+INDEX(职业模板!$C$40:$J$60,MATCH($L5,职业模板!$B$40:$B$60,FALSE),MATCH(X$3,职业模板!$C$39:$J$39,FALSE))),2),"")} -> 160 | BQ5: {=IFERROR(ROUND((BA5+BI5*职业模板!$E$16)*(1+INDEX(职业模板!$C$29:$J$34,MATCH($K5,职业模板!$B$29:$B$34,FALSE),MATCH(Y$3,职业模板!$C$28:$J$28,FALSE))+INDEX(职业模板!$C$40:$J$60,MATCH($L5,职业模板!$B$40:$B$60,FALSE),MATCH(Y$3,职业模板!$C$39:$J$39,FALSE))),2),"")} -> 150 | BR5: {=IFERROR(ROUND((BB5+BJ5*职业模板!$E$16)*(1+INDEX(职业模板!$C$29:$J$34,MATCH($K5,职业模板!$B$29:$B$34,FALSE),MATCH(Z$3,职业模板!$C$28:$J$28,FALSE))+INDEX(职业模板!$C$40:$J$60,MATCH($L5,职业模板!$B$40:$B$60,FALSE),MATCH(Z$3,职业模板!$C$39:$J$39,FALSE))),2),"")} -> 142.5 | BS5: {=IFERROR(ROUND((BC5+BK5*职业模板!$E$16)*(1+INDEX(职业模板!$C$29:$J$34,MATCH($K5,职业模板!$B$29:$B$34,FALSE),MATCH(AA$3,职业模板!$C$28:$J$28,FALSE))+INDEX(职业模板!$C$40:$J$60,MATCH($L5,职业模板!$B$40:$B$60,FALSE),MATCH(AA$3,职业模板!$C$39:$J$39,FALSE))),2),"")} -> 140 | BT5: {=IFERROR(ROUND((BD5+BL5*职业模板!$E$16)*(1+INDEX(职业模板!$C$29:$J$34,MATCH($K5,职业模板!$B$29:$B$34,FALSE),MATCH(AB$3,职业模板!$C$28:$J$28,FALSE))+INDEX(职业模板!$C$40:$J$60,MATCH($L5,职业模板!$B$40:$B$60,FALSE),MATCH(AB$3,职业模板!$C$39:$J$39,FALSE))),2),"")} -> 100 | BU5: {=IFERROR(ROUND((BE5+BM5*职业模板!$E$16)*(1+INDEX(职业模板!$C$29:$J$34,MATCH($K5,职业模板!$B$29:$B$34,FALSE),MATCH(AC$3,职业模板!$C$28:$J$28,FALSE))+INDEX(职业模板!$C$40:$J$60,MATCH($L5,职业模板!$B$40:$B$60,FALSE),MATCH(AC$3,职业模板!$C$39:$J$39,FALSE))),2),"")} -> 120 | BV5: {=IF(SUMPRODUCT($BN5:$BR5,属性分配!$C$7:$G$7)=0,"",SUMPRODUCT($BN5:$BR5,属性分配!$C$7:$G$7))} -> 2735 | BW5: {=IFERROR((AX5+BF5*职业模板!$E$16)*(1+INDEX(职业模板!$C$34:$J$34,MATCH(V$3,职业模板!$C$28:$J$28,FALSE))+INDEX(职业模板!$C$60:$J$60,MATCH(V$3,职业模板!$C$39:$J$39,FALSE))),"")} -> 7560 | BX5: {=IFERROR((AY5+BG5*职业模板!$E$16)*(1+INDEX(职业模板!$C$34:$J$34,MATCH(W$3,职业模板!$C$28:$J$28,FALSE))+INDEX(职业模板!$C$60:$J$60,MATCH(W$3,职业模板!$C$39:$J$39,FALSE))),"")} -> 1100 | BY5: {=IFERROR((AZ5+BH5*职业模板!$E$16)*(1+INDEX(职业模板!$C$34:$J$34,MATCH(X$3,职业模板!$C$28:$J$28,FALSE))+INDEX(职业模板!$C$60:$J$60,MATCH(X$3,职业模板!$C$39:$J$39,FALSE))),"")} -> 800 | BZ5: {=IFERROR((BA5+BI5*职业模板!$E$16)*(1+INDEX(职业模板!$C$34:$J$34,MATCH(Y$3,职业模板!$C$28:$J$28,FALSE))+INDEX(职业模板!$C$60:$J$60,MATCH(Y$3,职业模板!$C$39:$J$39,FALSE))),"")} -> 600 | CA5: {=IFERROR((BB5+BJ5*职业模板!$E$16)*(1+INDEX(职业模板!$C$34:$J$34,MATCH(Z$3,职业模板!$C$28:$J$28,FALSE))+INDEX(职业模板!$C$60:$J$60,MATCH(Z$3,职业模板!$C$39:$J$39,FALSE))),"")} -> 570 | CB5: {=IFERROR((BC5+BK5*职业模板!$E$16)*(1+INDEX(职业模板!$C$34:$J$34,MATCH(AA$3,职业模板!$C$28:$J$28,FALSE))+INDEX(职业模板!$C$60:$J$60,MATCH(AA$3,职业模板!$C$39:$J$39,FALSE))),"")} -> 245 | CC5: {=IFERROR((BD5+BL5*职业模板!$E$16)*(1+INDEX(职业模板!$C$34:$J$34,MATCH(AB$3,职业模板!$C$28:$J$28,FALSE))+INDEX(职业模板!$C$60:$J$60,MATCH(AB$3,职业模板!$C$39:$J$39,FALSE))),"")} -> 175 | CD5: {=IFERROR((BE5+BM5*职业模板!$E$16)*(1+INDEX(职业模板!$C$34:$J$34,MATCH(AC$3,职业模板!$C$28:$J$28,FALSE))+INDEX(职业模板!$C$60:$J$60,MATCH(AC$3,职业模板!$C$39:$J$39,FALSE))),"")} -> 210 | CE5: {=IF(SUMPRODUCT(BW5:CA5,属性分配!$C$7:$G$7)=0,"",SUMPRODUCT(BW5:CA5,属性分配!$C$7:$G$7))} -> 13720
A6: 10002 | B6: 模板3 | C6: 法坦 | D6: 4 | E6: 4 | F6: 1 | G6: 20 | H6: 5 | I6: 0 | J6: 1 | K6: 0 | L6: 0 | M6: 0 | N6: 1 | O6: 1 | P6: 1 | Q6: 1 | R6: 1 | S6: 1 | T6: 1 | U6: 1 | V6: {=ROUND((AX6+BF6*$J6+INDEX(职业模板!$C$40:$J$60,MATCH($L6,职业模板!$B$40:$B$60,FALSE),MATCH(V$3,职业模板!$C$39:$J$39,FALSE))*AX6)*(1+INDEX(职业模板!$C$29:$J$34,MATCH($K6,职业模板!$B$29:$B$34,FALSE),MATCH(V$3,职业模板!$C$28:$J$28,FALSE))),2)} -> 401.7 | W6: {=ROUND((AY6+BG6*$J6+INDEX(职业模板!$C$40:$J$60,MATCH($L6,职业模板!$B$40:$B$60,FALSE),MATCH(W$3,职业模板!$C$39:$J$39,FALSE))*AY6)*(1+INDEX(职业模板!$C$29:$J$34,MATCH($K6,职业模板!$B$29:$B$34,FALSE),MATCH(W$3,职业模板!$C$28:$J$28,FALSE))),2)} -> 38.63 | X6: {=ROUND((AZ6+BH6*$J6+INDEX(职业模板!$C$40:$J$60,MATCH($L6,职业模板!$B$40:$B$60,FALSE),MATCH(X$3,职业模板!$C$39:$J$39,FALSE))*AZ6)*(1+INDEX(职业模板!$C$29:$J$34,MATCH($K6,职业模板!$B$29:$B$34,FALSE),MATCH(X$3,职业模板!$C$28:$J$28,FALSE))),2)} -> 41.2 | Y6: {=ROUND((BA6+BI6*$J6+INDEX(职业模板!$C$40:$J$60,MATCH($L6,职业模板!$B$40:$B$60,FALSE),MATCH(Y$3,职业模板!$C$39:$J$39,FALSE))*BA6)*(1+INDEX(职业模板!$C$29:$J$34,MATCH($K6,职业模板!$B$29:$B$34,FALSE),MATCH(Y$3,职业模板!$C$28:$J$28,FALSE))),2)} -> 48.45 | Z6: {=ROUND((BB6+BJ6*$J6+INDEX(职业模板!$C$40:$J$60,MATCH($L6,职业模板!$B$40:$B$60,FALSE),MATCH(Z$3,职业模板!$C$39:$J$39,FALSE))*BB6)*(1+INDEX(职业模板!$C$29:$J$34,MATCH($K6,职业模板!$B$29:$B$34,FALSE),MATCH(Z$3,职业模板!$C$28:$J$28,FALSE))),2)} -> 61.2 | AA6: {=ROUND((BC6+BK6*$J6+INDEX(职业模板!$C$40:$J$60,MATCH($L6,职业模板!$B$40:$B$60,FALSE),MATCH(AA$3,职业模板!$C$39:$J$39,FALSE))*BC6)*(1+INDEX(职业模板!$C$29:$J$34,MATCH($K6,职业模板!$B$29:$B$34,FALSE),MATCH(AA$3,职业模板!$C$28:$J$28,FALSE))),2)} -> 50.5 | AB6: {=ROUND((BD6+BL6*$J6+INDEX(职业模板!$C$40:$J$60,MATCH($L6,职业模板!$B$40:$B$60,FALSE),MATCH(AB$3,职业模板!$C$39:$J$39,FALSE))*BD6)*(1+INDEX(职业模板!$C$29:$J$34,MATCH($K6,职业模板!$B$29:$B$34,FALSE),MATCH(AB$3,职业模板!$C$28:$J$28,FALSE))),2)} -> 70.7 | AC6: {=ROUND((BE6+BM6*$J6+INDEX(职业模板!$C$40:$J$60,MATCH($L6,职业模板!$B$40:$B$60,FALSE),MATCH(AC$3,职业模板!$C$39:$J$39,FALSE))*BE6)*(1+INDEX(职业模板!$C$29:$J$34,MATCH($K6,职业模板!$B$29:$B$34,FALSE),MATCH(AC$3,职业模板!$C$28:$J$28,FALSE))),2)} -> 60.6 | AD6: 1.5 | AE6: 2 | AX6: {=IFERROR(INDEX(属性分配!$C$4:$J$4,MATCH(AX$3,属性分配!$C$3:$J$3,FALSE))*INDEX(职业模板!$C$5:$J$12,MATCH($C6,职业模板!$B$5:$B$12,FALSE),MATCH(AX$3,职业模板!$C$3:$J$3,FALSE))*$F6*N6,"")} -> 390 | AY6: {=IFERROR(INDEX(属性分配!$C$4:$J$4,MATCH(AY$3,属性分配!$C$3:$J$3,FALSE))*INDEX(职业模板!$C$5:$J$12,MATCH($C6,职业模板!$B$5:$B$12,FALSE),MATCH(AY$3,职业模板!$C$3:$J$3,FALSE))*$F6*O6,"")} -> 37.5 | AZ6: {=IFERROR(INDEX(属性分配!$C$4:$J$4,MATCH(AZ$3,属性分配!$C$3:$J$3,FALSE))*INDEX(职业模板!$C$5:$J$12,MATCH($C6,职业模板!$B$5:$B$12,FALSE),MATCH(AZ$3,职业模板!$C$3:$J$3,FALSE))*$F6*P6,"")} -> 40 | BA6: {=IFERROR(INDEX(属性分配!$C$4:$J$4,MATCH(BA$3,属性分配!$C$3:$J$3,FALSE))*INDEX(职业模板!$C$5:$J$12,MATCH($C6,职业模板!$B$5:$B$12,FALSE),MATCH(BA$3,职业模板!$C$3:$J$3,FALSE))*$F6*Q6,"")} -> 47.5 | BB6: {=IFERROR(INDEX(属性分配!$C$4:$J$4,MATCH(BB$3,属性分配!$C$3:$J$3,FALSE))*INDEX(职业模板!$C$5:$J$12,MATCH($C6,职业模板!$B$5:$B$12,FALSE),MATCH(BB$3,职业模板!$C$3:$J$3,FALSE))*$F6*R6,"")} -> 60 | BC6: {=IFERROR(INDEX(属性分配!$C$4:$J$4,MATCH(BC$3,属性分配!$C$3:$J$3,FALSE))*INDEX(职业模板!$C$5:$J$12,MATCH($C6,职业模板!$B$5:$B$12,FALSE),MATCH(BC$3,职业模板!$C$3:$J$3,FALSE))*$F6*S6,"")} -> 50 | BD6: {=IFERROR(INDEX(属性分配!$C$4:$J$4,MATCH(BD$3,属性分配!$C$3:$J$3,FALSE))*INDEX(职业模板!$C$5:$J$12,MATCH($C6,职业模板!$B$5:$B$12,FALSE),MATCH(BD$3,职业模板!$C$3:$J$3,FALSE))*$F6*T6,"")} -> 70 | BE6: {=IFERROR(INDEX(属性分配!$C$4:$J$4,MATCH(BE$3,属性分配!$C$3:$J$3,FALSE))*INDEX(职业模板!$C$5:$J$12,MATCH($C6,职业模板!$B$5:$B$12,FALSE),MATCH(BE$3,职业模板!$C$3:$J$3,FALSE))*$F6*U6,"")} -> 60 | BF6: {=IFERROR(INDEX(属性分配!$C$11:$J$11,MATCH(BF$3,属性分配!$C$3:$J$3,FALSE))/职业模板!$E$16*AX6,"")} -> 11.7 | BG6: {=IFERROR(INDEX(属性分配!$C$11:$J$11,MATCH(BG$3,属性分配!$C$3:$J$3,FALSE))/职业模板!$E$16*AY6,"")} -> 1.125 | BH6: {=IFERROR(INDEX(属性分配!$C$11:$J$11,MATCH(BH$3,属性分配!$C$3:$J$3,FALSE))/职业模板!$E$16*AZ6,"")} -> 1.2 | BI6: {=IFERROR(INDEX(属性分配!$C$11:$J$11,MATCH(BI$3,属性分配!$C$3:$J$3,FALSE))/职业模板!$E$16*BA6,"")} -> 0.95 | BJ6: {=IFERROR(INDEX(属性分配!$C$11:$J$11,MATCH(BJ$3,属性分配!$C$3:$J$3,FALSE))/职业模板!$E$16*BB6,"")} -> 1.2 | BK6: {=IFERROR(INDEX(属性分配!$C$11:$J$11,MATCH(BK$3,属性分配!$C$3:$J$3,FALSE))/职业模板!$E$16*BC6,"")} -> 0.5 | BL6: {=IFERROR(INDEX(属性分配!$C$11:$J$11,MATCH(BL$3,属性分配!$C$3:$J$3,FALSE))/职业模板!$E$16*BD6,"")} -> 0.7 | BM6: {=IFERROR(INDEX(属性分配!$C$11:$J$11,MATCH(BM$3,属性分配!$C$3:$J$3,FALSE))/职业模板!$E$16*BE6,"")} -> 0.6 | BN6: {=IFERROR(ROUND((AX6+BF6*职业模板!$E$16)*(1+INDEX(职业模板!$C$29:$J$34,MATCH($K6,职业模板!$B$29:$B$34,FALSE),MATCH(V$3,职业模板!$C$28:$J$28,FALSE))+INDEX(职业模板!$C$40:$J$60,MATCH($L6,职业模板!$B$40:$B$60,FALSE),MATCH(V$3,职业模板!$C$39:$J$39,FALSE))),2),"")} -> 1560 | BO6: {=IFERROR(ROUND((AY6+BG6*职业模板!$E$16)*(1+INDEX(职业模板!$C$29:$J$34,MATCH($K6,职业模板!$B$29:$B$34,FALSE),MATCH(W$3,职业模板!$C$28:$J$28,FALSE))+INDEX(职业模板!$C$40:$J$60,MATCH($L6,职业模板!$B$40:$B$60,FALSE),MATCH(W$3,职业模板!$C$39:$J$39,FALSE))),2),"")} -> 150 | BP6: {=IFERROR(ROUND((AZ6+BH6*职业模板!$E$16)*(1+INDEX(职业模板!$C$29:$J$34,MATCH($K6,职业模板!$B$29:$B$34,FALSE),MATCH(X$3,职业模板!$C$28:$J$28,FALSE))+INDEX(职业模板!$C$40:$J$60,MATCH($L6,职业模板!$B$40:$B$60,FALSE),MATCH(X$3,职业模板!$C$39:$J$39,FALSE))),2),"")} -> 160 | BQ6: {=IFERROR(ROUND((BA6+BI6*职业模板!$E$16)*(1+INDEX(职业模板!$C$29:$J$34,MATCH($K6,职业模板!$B$29:$B$34,FALSE),MATCH(Y$3,职业模板!$C$28:$J$28,FALSE))+INDEX(职业模板!$C$40:$J$60,MATCH($L6,职业模板!$B$40:$B$60,FALSE),MATCH(Y$3,职业模板!$C$39:$J$39,FALSE))),2),"")} -> 142.5 | BR6: {=IFERROR(ROUND((BB6+BJ6*职业模板!$E$16)*(1+INDEX(职业模板!$C$29:$J$34,MATCH($K6,职业模板!$B$29:$B$34,FALSE),MATCH(Z$3,职业模板!$C$28:$J$28,FALSE))+INDEX(职业模板!$C$40:$J$60,MATCH($L6,职业模板!$B$40:$B$60,FALSE),MATCH(Z$3,职业模板!$C$39:$J$39,FALSE))),2),"")} -> 180 | BS6: {=IFERROR(ROUND((BC6+BK6*职业模板!$E$16)*(1+INDEX(职业模板!$C$29:$J$34,MATCH($K6,职业模板!$B$29:$B$34,FALSE),MATCH(AA$3,职业模板!$C$28:$J$28,FALSE))+INDEX(职业模板!$C$40:$J$60,MATCH($L6,职业模板!$B$40:$B$60,FALSE),MATCH(AA$3,职业模板!$C$39:$J$39,FALSE))),2),"")} -> 100 | BT6: {=IFERROR(ROUND((BD6+BL6*职业模板!$E$16)*(1+INDEX(职业模板!$C$29:$J$34,MATCH($K6,职业模板!$B$29:$B$34,FALSE),MATCH(AB$3,职业模板!$C$28:$J$28,FALSE))+INDEX(职业模板!$C$40:$J$60,MATCH($L6,职业模板!$B$40:$B$60,FALSE),MATCH(AB$3,职业模板!$C$39:$J$39,FALSE))),2),"")} -> 140 | BU6: {=IFERROR(ROUND((BE6+BM6*职业模板!$E$16)*(1+INDEX(职业模板!$C$29:$J$34,MATCH($K6,职业模板!$B$29:$B$34,FALSE),MATCH(AC$3,职业模板!$C$28:$J$28,FALSE))+INDEX(职业模板!$C$40:$J$60,MATCH($L6,职业模板!$B$40:$B$60,FALSE),MATCH(AC$3,职业模板!$C$39:$J$39,FALSE))),2),"")} -> 120 | BV6: {=IF(SUMPRODUCT($BN6:$BR6,属性分配!$C$7:$G$7)=0,"",SUMPRODUCT($BN6:$BR6,属性分配!$C$7:$G$7))} -> 2665 | BW6: {=IFERROR((AX6+BF6*职业模板!$E$16)*(1+INDEX(职业模板!$C$34:$J$34,MATCH(V$3,职业模板!$C$28:$J$28,FALSE))+INDEX(职业模板!$C$60:$J$60,MATCH(V$3,职业模板!$C$39:$J$39,FALSE))),"")} -> 9360 | BX6: {=IFERROR((AY6+BG6*职业模板!$E$16)*(1+INDEX(职业模板!$C$34:$J$34,MATCH(W$3,职业模板!$C$28:$J$28,FALSE))+INDEX(职业模板!$C$60:$J$60,MATCH(W$3,职业模板!$C$39:$J$39,FALSE))),"")} -> 750 | BY6: {=IFERROR((AZ6+BH6*职业模板!$E$16)*(1+INDEX(职业模板!$C$34:$J$34,MATCH(X$3,职业模板!$C$28:$J$28,FALSE))+INDEX(职业模板!$C$60:$J$60,MATCH(X$3,职业模板!$C$39:$J$39,FALSE))),"")} -> 800 | BZ6: {=IFERROR((BA6+BI6*职业模板!$E$16)*(1+INDEX(职业模板!$C$34:$J$34,MATCH(Y$3,职业模板!$C$28:$J$28,FALSE))+INDEX(职业模板!$C$60:$J$60,MATCH(Y$3,职业模板!$C$39:$J$39,FALSE))),"")} -> 570 | CA6: {=IFERROR((BB6+BJ6*职业模板!$E$16)*(1+INDEX(职业模板!$C$34:$J$34,MATCH(Z$3,职业模板!$C$28:$J$28,FALSE))+INDEX(职业模板!$C$60:$J$60,MATCH(Z$3,职业模板!$C$39:$J$39,FALSE))),"")} -> 720 | CB6: {=IFERROR((BC6+BK6*职业模板!$E$16)*(1+INDEX(职业模板!$C$34:$J$34,MATCH(AA$3,职业模板!$C$28:$J$28,FALSE))+INDEX(职业模板!$C$60:$J$60,MATCH(AA$3,职业模板!$C$39:$J$39,FALSE))),"")} -> 175 | CC6: {=IFERROR((BD6+BL6*职业模板!$E$16)*(1+INDEX(职业模板!$C$34:$J$34,MATCH(AB$3,职业模板!$C$28:$J$28,FALSE))+INDEX(职业模板!$C$60:$J$60,MATCH(AB$3,职业模板!$C$39:$J$39,FALSE))),"")} -> 245 | CD6: {=IFERROR((BE6+BM6*职业模板!$E$16)*(1+INDEX(职业模板!$C$34:$J$34,MATCH(AC$3,职业模板!$C$28:$J$28,FALSE))+INDEX(职业模板!$C$60:$J$60,MATCH(AC$3,职业模板!$C$39:$J$39,FALSE))),"")} -> 210 | CE6: {=IF(SUMPRODUCT(BW6:CA6,属性分配!$C$7:$G$7)=0,"",SUMPRODUCT(BW6:CA6,属性分配!$C$7:$G$7))} -> 13460
A7: 10003 | B7: 模板4 | C7: 刺客 | D7: 4 | E7: 4 | F7: 1 | G7: 20 | H7: 5 | I7: 0 | J7: 1 | K7: 0 | L7: 0 | M7: 0 | N7: 1 | O7: 1 | P7: 1 | Q7: 1 | R7: 1 | S7: 1 | T7: 1 | U7: 1 | V7: {=ROUND((AX7+BF7*$J7+INDEX(职业模板!$C$40:$J$60,MATCH($L7,职业模板!$B$40:$B$60,FALSE),MATCH(V$3,职业模板!$C$39:$J$39,FALSE))*AX7)*(1+INDEX(职业模板!$C$29:$J$34,MATCH($K7,职业模板!$B$29:$B$34,FALSE),MATCH(V$3,职业模板!$C$28:$J$28,FALSE))),2)} -> 278.1 | W7: {=ROUND((AY7+BG7*$J7+INDEX(职业模板!$C$40:$J$60,MATCH($L7,职业模板!$B$40:$B$60,FALSE),MATCH(W$3,职业模板!$C$39:$J$39,FALSE))*AY7)*(1+INDEX(职业模板!$C$29:$J$34,MATCH($K7,职业模板!$B$29:$B$34,FALSE),MATCH(W$3,职业模板!$C$28:$J$28,FALSE))),2)} -> 61.8 | X7: {=ROUND((AZ7+BH7*$J7+INDEX(职业模板!$C$40:$J$60,MATCH($L7,职业模板!$B$40:$B$60,FALSE),MATCH(X$3,职业模板!$C$39:$J$39,FALSE))*AZ7)*(1+INDEX(职业模板!$C$29:$J$34,MATCH($K7,职业模板!$B$29:$B$34,FALSE),MATCH(X$3,职业模板!$C$28:$J$28,FALSE))),2)} -> 46.35 | Y7: {=ROUND((BA7+BI7*$J7+INDEX(职业模板!$C$40:$J$60,MATCH($L7,职业模板!$B$40:$B$60,FALSE),MATCH(Y$3,职业模板!$C$39:$J$39,FALSE))*BA7)*(1+INDEX(职业模板!$C$29:$J$34,MATCH($K7,职业模板!$B$29:$B$34,FALSE),MATCH(Y$3,职业模板!$C$28:$J$28,FALSE))),2)} -> 45.9 | Z7: {=ROUND((BB7+BJ7*$J7+INDEX(职业模板!$C$40:$J$60,MATCH($L7,职业模板!$B$40:$B$60,FALSE),MATCH(Z$3,职业模板!$C$39:$J$39,FALSE))*BB7)*(1+INDEX(职业模板!$C$29:$J$34,MATCH($K7,职业模板!$B$29:$B$34,FALSE),MATCH(Z$3,职业模板!$C$28:$J$28,FALSE))),2)} -> 45.9 | AA7: {=ROUND((BC7+BK7*$J7+INDEX(职业模板!$C$40:$J$60,MATCH($L7,职业模板!$B$40:$B$60,FALSE),MATCH(AA$3,职业模板!$C$39:$J$39,FALSE))*BC7)*(1+INDEX(职业模板!$C$29:$J$34,MATCH($K7,职业模板!$B$29:$B$34,FALSE),MATCH(AA$3,职业模板!$C$28:$J$28,FALSE))),2)} -> 50.5 | AB7: {=ROUND((BD7+BL7*$J7+INDEX(职业模板!$C$40:$J$60,MATCH($L7,职业模板!$B$40:$B$60,FALSE),MATCH(AB$3,职业模板!$C$39:$J$39,FALSE))*BD7)*(1+INDEX(职业模板!$C$29:$J$34,MATCH($K7,职业模板!$B$29:$B$34,FALSE),MATCH(AB$3,职业模板!$C$28:$J$28,FALSE))),2)} -> 60.6 | AC7: {=ROUND((BE7+BM7*$J7+INDEX(职业模板!$C$40:$J$60,MATCH($L7,职业模板!$B$40:$B$60,FALSE),MATCH(AC$3,职业模板!$C$39:$J$39,FALSE))*BE7)*(1+INDEX(职业模板!$C$29:$J$34,MATCH($K7,职业模板!$B$29:$B$34,FALSE),MATCH(AC$3,职业模板!$C$28:$J$28,FALSE))),2)} -> 70.7 | AD7: 1.5 | AE7: 2 | AX7: {=IFERROR(INDEX(属性分配!$C$4:$J$4,MATCH(AX$3,属性分配!$C$3:$J$3,FALSE))*INDEX(职业模板!$C$5:$J$12,MATCH($C7,职业模板!$B$5:$B$12,FALSE),MATCH(AX$3,职业模板!$C$3:$J$3,FALSE))*$F7*N7,"")} -> 270 | AY7: {=IFERROR(INDEX(属性分配!$C$4:$J$4,MATCH(AY$3,属性分配!$C$3:$J$3,FALSE))*INDEX(职业模板!$C$5:$J$12,MATCH($C7,职业模板!$B$5:$B$12,FALSE),MATCH(AY$3,职业模板!$C$3:$J$3,FALSE))*$F7*O7,"")} -> 60 | AZ7: {=IFERROR(INDEX(属性分配!$C$4:$J$4,MATCH(AZ$3,属性分配!$C$3:$J$3,FALSE))*INDEX(职业模板!$C$5:$J$12,MATCH($C7,职业模板!$B$5:$B$12,FALSE),MATCH(AZ$3,职业模板!$C$3:$J$3,FALSE))*$F7*P7,"")} -> 45 | BA7: {=IFERROR(INDEX(属性分配!$C$4:$J$4,MATCH(BA$3,属性分配!$C$3:$J$3,FALSE))*INDEX(职业模板!$C$5:$J$12,MATCH($C7,职业模板!$B$5:$B$12,FALSE),MATCH(BA$3,职业模板!$C$3:$J$3,FALSE))*$F7*Q7,"")} -> 45 | BB7: {=IFERROR(INDEX(属性分配!$C$4:$J$4,MATCH(BB$3,属性分配!$C$3:$J$3,FALSE))*INDEX(职业模板!$C$5:$J$12,MATCH($C7,职业模板!$B$5:$B$12,FALSE),MATCH(BB$3,职业模板!$C$3:$J$3,FALSE))*$F7*R7,"")} -> 45 | BC7: {=IFERROR(INDEX(属性分配!$C$4:$J$4,MATCH(BC$3,属性分配!$C$3:$J$3,FALSE))*INDEX(职业模板!$C$5:$J$12,MATCH($C7,职业模板!$B$5:$B$12,FALSE),MATCH(BC$3,职业模板!$C$3:$J$3,FALSE))*$F7*S7,"")} -> 50 | BD7: {=IFERROR(INDEX(属性分配!$C$4:$J$4,MATCH(BD$3,属性分配!$C$3:$J$3,FALSE))*INDEX(职业模板!$C$5:$J$12,MATCH($C7,职业模板!$B$5:$B$12,FALSE),MATCH(BD$3,职业模板!$C$3:$J$3,FALSE))*$F7*T7,"")} -> 60 | BE7: {=IFERROR(INDEX(属性分配!$C$4:$J$4,MATCH(BE$3,属性分配!$C$3:$J$3,FALSE))*INDEX(职业模板!$C$5:$J$12,MATCH($C7,职业模板!$B$5:$B$12,FALSE),MATCH(BE$3,职业模板!$C$3:$J$3,FALSE))*$F7*U7,"")} -> 70 | BF7: {=IFERROR(INDEX(属性分配!$C$11:$J$11,MATCH(BF$3,属性分配!$C$3:$J$3,FALSE))/职业模板!$E$16*AX7,"")} -> 8.1 | BG7: {=IFERROR(INDEX(属性分配!$C$11:$J$11,MATCH(BG$3,属性分配!$C$3:$J$3,FALSE))/职业模板!$E$16*AY7,"")} -> 1.8 | BH7: {=IFERROR(INDEX(属性分配!$C$11:$J$11,MATCH(BH$3,属性分配!$C$3:$J$3,FALSE))/职业模板!$E$16*AZ7,"")} -> 1.35 | BI7: {=IFERROR(INDEX(属性分配!$C$11:$J$11,MATCH(BI$3,属性分配!$C$3:$J$3,FALSE))/职业模板!$E$16*BA7,"")} -> 0.9 | BJ7: {=IFERROR(INDEX(属性分配!$C$11:$J$11,MATCH(BJ$3,属性分配!$C$3:$J$3,FALSE))/职业模板!$E$16*BB7,"")} -> 0.9 | BK7: {=IFERROR(INDEX(属性分配!$C$11:$J$11,MATCH(BK$3,属性分配!$C$3:$J$3,FALSE))/职业模板!$E$16*BC7,"")} -> 0.5 | BL7: {=IFERROR(INDEX(属性分配!$C$11:$J$11,MATCH(BL$3,属性分配!$C$3:$J$3,FALSE))/职业模板!$E$16*BD7,"")} -> 0.6 | BM7: {=IFERROR(INDEX(属性分配!$C$11:$J$11,MATCH(BM$3,属性分配!$C$3:$J$3,FALSE))/职业模板!$E$16*BE7,"")} -> 0.7 | BN7: {=IFERROR(ROUND((AX7+BF7*职业模板!$E$16)*(1+INDEX(职业模板!$C$29:$J$34,MATCH($K7,职业模板!$B$29:$B$34,FALSE),MATCH(V$3,职业模板!$C$28:$J$28,FALSE))+INDEX(职业模板!$C$40:$J$60,MATCH($L7,职业模板!$B$40:$B$60,FALSE),MATCH(V$3,职业模板!$C$39:$J$39,FALSE))),2),"")} -> 1080 | BO7: {=IFERROR(ROUND((AY7+BG7*职业模板!$E$16)*(1+INDEX(职业模板!$C$29:$J$34,MATCH($K7,职业模板!$B$29:$B$34,FALSE),MATCH(W$3,职业模板!$C$28:$J$28,FALSE))+INDEX(职业模板!$C$40:$J$60,MATCH($L7,职业模板!$B$40:$B$60,FALSE),MATCH(W$3,职业模板!$C$39:$J$39,FALSE))),2),"")} -> 240 | BP7: {=IFERROR(ROUND((AZ7+BH7*职业模板!$E$16)*(1+INDEX(职业模板!$C$29:$J$34,MATCH($K7,职业模板!$B$29:$B$34,FALSE),MATCH(X$3,职业模板!$C$28:$J$28,FALSE))+INDEX(职业模板!$C$40:$J$60,MATCH($L7,职业模板!$B$40:$B$60,FALSE),MATCH(X$3,职业模板!$C$39:$J$39,FALSE))),2),"")} -> 180 | BQ7: {=IFERROR(ROUND((BA7+BI7*职业模板!$E$16)*(1+INDEX(职业模板!$C$29:$J$34,MATCH($K7,职业模板!$B$29:$B$34,FALSE),MATCH(Y$3,职业模板!$C$28:$J$28,FALSE))+INDEX(职业模板!$C$40:$J$60,MATCH($L7,职业模板!$B$40:$B$60,FALSE),MATCH(Y$3,职业模板!$C$39:$J$39,FALSE))),2),"")} -> 135 | BR7: {=IFERROR(ROUND((BB7+BJ7*职业模板!$E$16)*(1+INDEX(职业模板!$C$29:$J$34,MATCH($K7,职业模板!$B$29:$B$34,FALSE),MATCH(Z$3,职业模板!$C$28:$J$28,FALSE))+INDEX(职业模板!$C$40:$J$60,MATCH($L7,职业模板!$B$40:$B$60,FALSE),MATCH(Z$3,职业模板!$C$39:$J$39,FALSE))),2),"")} -> 135 | BS7: {=IFERROR(ROUND((BC7+BK7*职业模板!$E$16)*(1+INDEX(职业模板!$C$29:$J$34,MATCH($K7,职业模板!$B$29:$B$34,FALSE),MATCH(AA$3,职业模板!$C$28:$J$28,FALSE))+INDEX(职业模板!$C$40:$J$60,MATCH($L7,职业模板!$B$40:$B$60,FALSE),MATCH(AA$3,职业模板!$C$39:$J$39,FALSE))),2),"")} -> 100 | BT7: {=IFERROR(ROUND((BD7+BL7*职业模板!$E$16)*(1+INDEX(职业模板!$C$29:$J$34,MATCH($K7,职业模板!$B$29:$B$34,FALSE),MATCH(AB$3,职业模板!$C$28:$J$28,FALSE))+INDEX(职业模板!$C$40:$J$60,MATCH($L7,职业模板!$B$40:$B$60,FALSE),MATCH(AB$3,职业模板!$C$39:$J$39,FALSE))),2),"")} -> 120 | BU7: {=IFERROR(ROUND((BE7+BM7*职业模板!$E$16)*(1+INDEX(职业模板!$C$29:$J$34,MATCH($K7,职业模板!$B$29:$B$34,FALSE),MATCH(AC$3,职业模板!$C$28:$J$28,FALSE))+INDEX(职业模板!$C$40:$J$60,MATCH($L7,职业模板!$B$40:$B$60,FALSE),MATCH(AC$3,职业模板!$C$39:$J$39,FALSE))),2),"")} -> 140 | BV7: {=IF(SUMPRODUCT($BN7:$BR7,属性分配!$C$7:$G$7)=0,"",SUMPRODUCT($BN7:$BR7,属性分配!$C$7:$G$7))} -> 2760 | BW7: {=IFERROR((AX7+BF7*职业模板!$E$16)*(1+INDEX(职业模板!$C$34:$J$34,MATCH(V$3,职业模板!$C$28:$J$28,FALSE))+INDEX(职业模板!$C$60:$J$60,MATCH(V$3,职业模板!$C$39:$J$39,FALSE))),"")} -> 6480 | BX7: {=IFERROR((AY7+BG7*职业模板!$E$16)*(1+INDEX(职业模板!$C$34:$J$34,MATCH(W$3,职业模板!$C$28:$J$28,FALSE))+INDEX(职业模板!$C$60:$J$60,MATCH(W$3,职业模板!$C$39:$J$39,FALSE))),"")} -> 1200 | BY7: {=IFERROR((AZ7+BH7*职业模板!$E$16)*(1+INDEX(职业模板!$C$34:$J$34,MATCH(X$3,职业模板!$C$28:$J$28,FALSE))+INDEX(职业模板!$C$60:$J$60,MATCH(X$3,职业模板!$C$39:$J$39,FALSE))),"")} -> 900 | BZ7: {=IFERROR((BA7+BI7*职业模板!$E$16)*(1+INDEX(职业模板!$C$34:$J$34,MATCH(Y$3,职业模板!$C$28:$J$28,FALSE))+INDEX(职业模板!$C$60:$J$60,MATCH(Y$3,职业模板!$C$39:$J$39,FALSE))),"")} -> 540 | CA7: {=IFERROR((BB7+BJ7*职业模板!$E$16)*(1+INDEX(职业模板!$C$34:$J$34,MATCH(Z$3,职业模板!$C$28:$J$28,FALSE))+INDEX(职业模板!$C$60:$J$60,MATCH(Z$3,职业模板!$C$39:$J$39,FALSE))),"")} -> 540 | CB7: {=IFERROR((BC7+BK7*职业模板!$E$16)*(1+INDEX(职业模板!$C$34:$J$34,MATCH(AA$3,职业模板!$C$28:$J$28,FALSE))+INDEX(职业模板!$C$60:$J$60,MATCH(AA$3,职业模板!$C$39:$J$39,FALSE))),"")} -> 175 | CC7: {=IFERROR((BD7+BL7*职业模板!$E$16)*(1+INDEX(职业模板!$C$34:$J$34,MATCH(AB$3,职业模板!$C$28:$J$28,FALSE))+INDEX(职业模板!$C$60:$J$60,MATCH(AB$3,职业模板!$C$39:$J$39,FALSE))),"")} -> 210 | CD7: {=IFERROR((BE7+BM7*职业模板!$E$16)*(1+INDEX(职业模板!$C$34:$J$34,MATCH(AC$3,职业模板!$C$28:$J$28,FALSE))+INDEX(职业模板!$C$60:$J$60,MATCH(AC$3,职业模板!$C$39:$J$39,FALSE))),"")} -> 245 | CE7: {=IF(SUMPRODUCT(BW7:CA7,属性分配!$C$7:$G$7)=0,"",SUMPRODUCT(BW7:CA7,属性分配!$C$7:$G$7))} -> 13800
A8: 10004 | B8: 模板5 | C8: 魔剑士 | D8: 4 | E8: 4 | F8: 1 | G8: 20 | H8: 5 | I8: 0 | J8: 1 | K8: 0 | L8: 0 | M8: 0 | N8: 1 | O8: 1 | P8: 1 | Q8: 1 | R8: 1 | S8: 1 | T8: 1 | U8: 1 | V8: {=ROUND((AX8+BF8*$J8+INDEX(职业模板!$C$40:$J$60,MATCH($L8,职业模板!$B$40:$B$60,FALSE),MATCH(V$3,职业模板!$C$39:$J$39,FALSE))*AX8)*(1+INDEX(职业模板!$C$29:$J$34,MATCH($K8,职业模板!$B$29:$B$34,FALSE),MATCH(V$3,职业模板!$C$28:$J$28,FALSE))),2)} -> 309 | W8: {=ROUND((AY8+BG8*$J8+INDEX(职业模板!$C$40:$J$60,MATCH($L8,职业模板!$B$40:$B$60,FALSE),MATCH(W$3,职业模板!$C$39:$J$39,FALSE))*AY8)*(1+INDEX(职业模板!$C$29:$J$34,MATCH($K8,职业模板!$B$29:$B$34,FALSE),MATCH(W$3,职业模板!$C$28:$J$28,FALSE))),2)} -> 46.35 | X8: {=ROUND((AZ8+BH8*$J8+INDEX(职业模板!$C$40:$J$60,MATCH($L8,职业模板!$B$40:$B$60,FALSE),MATCH(X$3,职业模板!$C$39:$J$39,FALSE))*AZ8)*(1+INDEX(职业模板!$C$29:$J$34,MATCH($K8,职业模板!$B$29:$B$34,FALSE),MATCH(X$3,职业模板!$C$28:$J$28,FALSE))),2)} -> 56.65 | Y8: {=ROUND((BA8+BI8*$J8+INDEX(职业模板!$C$40:$J$60,MATCH($L8,职业模板!$B$40:$B$60,FALSE),MATCH(Y$3,职业模板!$C$39:$J$39,FALSE))*BA8)*(1+INDEX(职业模板!$C$29:$J$34,MATCH($K8,职业模板!$B$29:$B$34,FALSE),MATCH(Y$3,职业模板!$C$28:$J$28,FALSE))),2)} -> 45.9 | Z8: {=ROUND((BB8+BJ8*$J8+INDEX(职业模板!$C$40:$J$60,MATCH($L8,职业模板!$B$40:$B$60,FALSE),MATCH(Z$3,职业模板!$C$39:$J$39,FALSE))*BB8)*(1+INDEX(职业模板!$C$29:$J$34,MATCH($K8,职业模板!$B$29:$B$34,FALSE),MATCH(Z$3,职业模板!$C$28:$J$28,FALSE))),2)} -> 45.9 | AA8: {=ROUND((BC8+BK8*$J8+INDEX(职业模板!$C$40:$J$60,MATCH($L8,职业模板!$B$40:$B$60,FALSE),MATCH(AA$3,职业模板!$C$39:$J$39,FALSE))*BC8)*(1+INDEX(职业模板!$C$29:$J$34,MATCH($K8,职业模板!$B$29:$B$34,FALSE),MATCH(AA$3,职业模板!$C$28:$J$28,FALSE))),2)} -> 60.6 | AB8: {=ROUND((BD8+BL8*$J8+INDEX(职业模板!$C$40:$J$60,MATCH($L8,职业模板!$B$40:$B$60,FALSE),MATCH(AB$3,职业模板!$C$39:$J$39,FALSE))*BD8)*(1+INDEX(职业模板!$C$29:$J$34,MATCH($K8,职业模板!$B$29:$B$34,FALSE),MATCH(AB$3,职业模板!$C$28:$J$28,FALSE))),2)} -> 70.7 | AC8: {=ROUND((BE8+BM8*$J8+INDEX(职业模板!$C$40:$J$60,MATCH($L8,职业模板!$B$40:$B$60,FALSE),MATCH(AC$3,职业模板!$C$39:$J$39,FALSE))*BE8)*(1+INDEX(职业模板!$C$29:$J$34,MATCH($K8,职业模板!$B$29:$B$34,FALSE),MATCH(AC$3,职业模板!$C$28:$J$28,FALSE))),2)} -> 50.5 | AD8: 1.5 | AE8: 2 | AX8: {=IFERROR(INDEX(属性分配!$C$4:$J$4,MATCH(AX$3,属性分配!$C$3:$J$3,FALSE))*INDEX(职业模板!$C$5:$J$12,MATCH($C8,职业模板!$B$5:$B$12,FALSE),MATCH(AX$3,职业模板!$C$3:$J$3,FALSE))*$F8*N8,"")} -> 300 | AY8: {=IFERROR(INDEX(属性分配!$C$4:$J$4,MATCH(AY$3,属性分配!$C$3:$J$3,FALSE))*INDEX(职业模板!$C$5:$J$12,MATCH($C8,职业模板!$B$5:$B$12,FALSE),MATCH(AY$3,职业模板!$C$3:$J$3,FALSE))*$F8*O8,"")} -> 45 | AZ8: {=IFERROR(INDEX(属性分配!$C$4:$J$4,MATCH(AZ$3,属性分配!$C$3:$J$3,FALSE))*INDEX(职业模板!$C$5:$J$12,MATCH($C8,职业模板!$B$5:$B$12,FALSE),MATCH(AZ$3,职业模板!$C$3:$J$3,FALSE))*$F8*P8,"")} -> 55 | BA8: {=IFERROR(INDEX(属性分配!$C$4:$J$4,MATCH(BA$3,属性分配!$C$3:$J$3,FALSE))*INDEX(职业模板!$C$5:$J$12,MATCH($C8,职业模板!$B$5:$B$12,FALSE),MATCH(BA$3,职业模板!$C$3:$J$3,FALSE))*$F8*Q8,"")} -> 45 | BB8: {=IFERROR(INDEX(属性分配!$C$4:$J$4,MATCH(BB$3,属性分配!$C$3:$J$3,FALSE))*INDEX(职业模板!$C$5:$J$12,MATCH($C8,职业模板!$B$5:$B$12,FALSE),MATCH(BB$3,职业模板!$C$3:$J$3,FALSE))*$F8*R8,"")} -> 45 | BC8: {=IFERROR(INDEX(属性分配!$C$4:$J$4,MATCH(BC$3,属性分配!$C$3:$J$3,FALSE))*INDEX(职业模板!$C$5:$J$12,MATCH($C8,职业模板!$B$5:$B$12,FALSE),MATCH(BC$3,职业模板!$C$3:$J$3,FALSE))*$F8*S8,"")} -> 60 | BD8: {=IFERROR(INDEX(属性分配!$C$4:$J$4,MATCH(BD$3,属性分配!$C$3:$J$3,FALSE))*INDEX(职业模板!$C$5:$J$12,MATCH($C8,职业模板!$B$5:$B$12,FALSE),MATCH(BD$3,职业模板!$C$3:$J$3,FALSE))*$F8*T8,"")} -> 70 | BE8: {=IFERROR(INDEX(属性分配!$C$4:$J$4,MATCH(BE$3,属性分配!$C$3:$J$3,FALSE))*INDEX(职业模板!$C$5:$J$12,MATCH($C8,职业模板!$B$5:$B$12,FALSE),MATCH(BE$3,职业模板!$C$3:$J$3,FALSE))*$F8*U8,"")} -> 50 | BF8: {=IFERROR(INDEX(属性分配!$C$11:$J$11,MATCH(BF$3,属性分配!$C$3:$J$3,FALSE))/职业模板!$E$16*AX8,"")} -> 9 | BG8: {=IFERROR(INDEX(属性分配!$C$11:$J$11,MATCH(BG$3,属性分配!$C$3:$J$3,FALSE))/职业模板!$E$16*AY8,"")} -> 1.35 | BH8: {=IFERROR(INDEX(属性分配!$C$11:$J$11,MATCH(BH$3,属性分配!$C$3:$J$3,FALSE))/职业模板!$E$16*AZ8,"")} -> 1.65 | BI8: {=IFERROR(INDEX(属性分配!$C$11:$J$11,MATCH(BI$3,属性分配!$C$3:$J$3,FALSE))/职业模板!$E$16*BA8,"")} -> 0.9 | BJ8: {=IFERROR(INDEX(属性分配!$C$11:$J$11,MATCH(BJ$3,属性分配!$C$3:$J$3,FALSE))/职业模板!$E$16*BB8,"")} -> 0.9 | BK8: {=IFERROR(INDEX(属性分配!$C$11:$J$11,MATCH(BK$3,属性分配!$C$3:$J$3,FALSE))/职业模板!$E$16*BC8,"")} -> 0.6 | BL8: {=IFERROR(INDEX(属性分配!$C$11:$J$11,MATCH(BL$3,属性分配!$C$3:$J$3,FALSE))/职业模板!$E$16*BD8,"")} -> 0.7 | BM8: {=IFERROR(INDEX(属性分配!$C$11:$J$11,MATCH(BM$3,属性分配!$C$3:$J$3,FALSE))/职业模板!$E$16*BE8,"")} -> 0.5 | BN8: {=IFERROR(ROUND((AX8+BF8*职业模板!$E$16)*(1+INDEX(职业模板!$C$29:$J$34,MATCH($K8,职业模板!$B$29:$B$34,FALSE),MATCH(V$3,职业模板!$C$28:$J$28,FALSE))+INDEX(职业模板!$C$40:$J$60,MATCH($L8,职业模板!$B$40:$B$60,FALSE),MATCH(V$3,职业模板!$C$39:$J$39,FALSE))),2),"")} -> 1200 | BO8: {=IFERROR(ROUND((AY8+BG8*职业模板!$E$16)*(1+INDEX(职业模板!$C$29:$J$34,MATCH($K8,职业模板!$B$29:$B$34,FALSE),MATCH(W$3,职业模板!$C$28:$J$28,FALSE))+INDEX(职业模板!$C$40:$J$60,MATCH($L8,职业模板!$B$40:$B$60,FALSE),MATCH(W$3,职业模板!$C$39:$J$39,FALSE))),2),"")} -> 180 | BP8: {=IFERROR(ROUND((AZ8+BH8*职业模板!$E$16)*(1+INDEX(职业模板!$C$29:$J$34,MATCH($K8,职业模板!$B$29:$B$34,FALSE),MATCH(X$3,职业模板!$C$28:$J$28,FALSE))+INDEX(职业模板!$C$40:$J$60,MATCH($L8,职业模板!$B$40:$B$60,FALSE),MATCH(X$3,职业模板!$C$39:$J$39,FALSE))),2),"")} -> 220 | BQ8: {=IFERROR(ROUND((BA8+BI8*职业模板!$E$16)*(1+INDEX(职业模板!$C$29:$J$34,MATCH($K8,职业模板!$B$29:$B$34,FALSE),MATCH(Y$3,职业模板!$C$28:$J$28,FALSE))+INDEX(职业模板!$C$40:$J$60,MATCH($L8,职业模板!$B$40:$B$60,FALSE),MATCH(Y$3,职业模板!$C$39:$J$39,FALSE))),2),"")} -> 135 | BR8: {=IFERROR(ROUND((BB8+BJ8*职业模板!$E$16)*(1+INDEX(职业模板!$C$29:$J$34,MATCH($K8,职业模板!$B$29:$B$34,FALSE),MATCH(Z$3,职业模板!$C$28:$J$28,FALSE))+INDEX(职业模板!$C$40:$J$60,MATCH($L8,职业模板!$B$40:$B$60,FALSE),MATCH(Z$3,职业模板!$C$39:$J$39,FALSE))),2),"")} -> 135 | BS8: {=IFERROR(ROUND((BC8+BK8*职业模板!$E$16)*(1+INDEX(职业模板!$C$29:$J$34,MATCH($K8,职业模板!$B$29:$B$34,FALSE),MATCH(AA$3,职业模板!$C$28:$J$28,FALSE))+INDEX(职业模板!$C$40:$J$60,MATCH($L8,职业模板!$B$40:$B$60,FALSE),MATCH(AA$3,职业模板!$C$39:$J$39,FALSE))),2),"")} -> 120 | BT8: {=IFERROR(ROUND((BD8+BL8*职业模板!$E$16)*(1+INDEX(职业模板!$C$29:$J$34,MATCH($K8,职业模板!$B$29:$B$34,FALSE),MATCH(AB$3,职业模板!$C$28:$J$28,FALSE))+INDEX(职业模板!$C$40:$J$60,MATCH($L8,职业模板!$B$40:$B$60,FALSE),MATCH(AB$3,职业模板!$C$39:$J$39,FALSE))),2),"")} -> 140 | BU8: {=IFERROR(ROUND((BE8+BM8*职业模板!$E$16)*(1+INDEX(职业模板!$C$29:$J$34,MATCH($K8,职业模板!$B$29:$B$34,FALSE),MATCH(AC$3,职业模板!$C$28:$J$28,FALSE))+INDEX(职业模板!$C$40:$J$60,MATCH($L8,职业模板!$B$40:$B$60,FALSE),MATCH(AC$3,职业模板!$C$39:$J$39,FALSE))),2),"")} -> 100 | BV8: {=IF(SUMPRODUCT($BN8:$BR8,属性分配!$C$7:$G$7)=0,"",SUMPRODUCT($BN8:$BR8,属性分配!$C$7:$G$7))} -> 2740 | BW8: {=IFERROR((AX8+BF8*职业模板!$E$16)*(1+INDEX(职业模板!$C$34:$J$34,MATCH(V$3,职业模板!$C$28:$J$28,FALSE))+INDEX(职业模板!$C$60:$J$60,MATCH(V$3,职业模板!$C$39:$J$39,FALSE))),"")} -> 7200 | BX8: {=IFERROR((AY8+BG8*职业模板!$E$16)*(1+INDEX(职业模板!$C$34:$J$34,MATCH(W$3,职业模板!$C$28:$J$28,FALSE))+INDEX(职业模板!$C$60:$J$60,MATCH(W$3,职业模板!$C$39:$J$39,FALSE))),"")} -> 900 | BY8: {=IFERROR((AZ8+BH8*职业模板!$E$16)*(1+INDEX(职业模板!$C$34:$J$34,MATCH(X$3,职业模板!$C$28:$J$28,FALSE))+INDEX(职业模板!$C$60:$J$60,MATCH(X$3,职业模板!$C$39:$J$39,FALSE))),"")} -> 1100 | BZ8: {=IFERROR((BA8+BI8*职业模板!$E$16)*(1+INDEX(职业模板!$C$34:$J$34,MATCH(Y$3,职业模板!$C$28:$J$28,FALSE))+INDEX(职业模板!$C$60:$J$60,MATCH(Y$3,职业模板!$C$39:$J$39,FALSE))),"")} -> 540 | CA8: {=IFERROR((BB8+BJ8*职业模板!$E$16)*(1+INDEX(职业模板!$C$34:$J$34,MATCH(Z$3,职业模板!$C$28:$J$28,FALSE))+INDEX(职业模板!$C$60:$J$60,MATCH(Z$3,职业模板!$C$39:$J$39,FALSE))),"")} -> 540 | CB8: {=IFERROR((BC8+BK8*职业模板!$E$16)*(1+INDEX(职业模板!$C$34:$J$34,MATCH(AA$3,职业模板!$C$28:$J$28,FALSE))+INDEX(职业模板!$C$60:$J$60,MATCH(AA$3,职业模板!$C$39:$J$39,FALSE))),"")} -> 210 | CC8: {=IFERROR((BD8+BL8*职业模板!$E$16)*(1+INDEX(职业模板!$C$34:$J$34,MATCH(AB$3,职业模板!$C$28:$J$28,FALSE))+INDEX(职业模板!$C$60:$J$60,MATCH(AB$3,职业模板!$C$39:$J$39,FALSE))),"")} -> 245 | CD8: {=IFERROR((BE8+BM8*职业模板!$E$16)*(1+INDEX(职业模板!$C$34:$J$34,MATCH(AC$3,职业模板!$C$28:$J$28,FALSE))+INDEX(职业模板!$C$60:$J$60,MATCH(AC$3,职业模板!$C$39:$J$39,FALSE))),"")} -> 175 | CE8: {=IF(SUMPRODUCT(BW8:CA8,属性分配!$C$7:$G$7)=0,"",SUMPRODUCT(BW8:CA8,属性分配!$C$7:$G$7))} -> 13760
A9: 10005 | B9: 模板6 | C9: 法师 | D9: 4 | E9: 4 | F9: 1 | G9: 20 | H9: 5 | I9: 0 | J9: 1 | K9: 0 | L9: 0 | M9: 0 | N9: 1 | O9: 1 | P9: 1 | Q9: 1 | R9: 1 | S9: 1 | T9: 1 | U9: 1 | V9: {=ROUND((AX9+BF9*$J9+INDEX(职业模板!$C$40:$J$60,MATCH($L9,职业模板!$B$40:$B$60,FALSE),MATCH(V$3,职业模板!$C$39:$J$39,FALSE))*AX9)*(1+INDEX(职业模板!$C$29:$J$34,MATCH($K9,职业模板!$B$29:$B$34,FALSE),MATCH(V$3,职业模板!$C$28:$J$28,FALSE))),2)} -> 278.1 | W9: {=ROUND((AY9+BG9*$J9+INDEX(职业模板!$C$40:$J$60,MATCH($L9,职业模板!$B$40:$B$60,FALSE),MATCH(W$3,职业模板!$C$39:$J$39,FALSE))*AY9)*(1+INDEX(职业模板!$C$29:$J$34,MATCH($K9,职业模板!$B$29:$B$34,FALSE),MATCH(W$3,职业模板!$C$28:$J$28,FALSE))),2)} -> 43.78 | X9: {=ROUND((AZ9+BH9*$J9+INDEX(职业模板!$C$40:$J$60,MATCH($L9,职业模板!$B$40:$B$60,FALSE),MATCH(X$3,职业模板!$C$39:$J$39,FALSE))*AZ9)*(1+INDEX(职业模板!$C$29:$J$34,MATCH($K9,职业模板!$B$29:$B$34,FALSE),MATCH(X$3,职业模板!$C$28:$J$28,FALSE))),2)} -> 64.38 | Y9: {=ROUND((BA9+BI9*$J9+INDEX(职业模板!$C$40:$J$60,MATCH($L9,职业模板!$B$40:$B$60,FALSE),MATCH(Y$3,职业模板!$C$39:$J$39,FALSE))*BA9)*(1+INDEX(职业模板!$C$29:$J$34,MATCH($K9,职业模板!$B$29:$B$34,FALSE),MATCH(Y$3,职业模板!$C$28:$J$28,FALSE))),2)} -> 38.25 | Z9: {=ROUND((BB9+BJ9*$J9+INDEX(职业模板!$C$40:$J$60,MATCH($L9,职业模板!$B$40:$B$60,FALSE),MATCH(Z$3,职业模板!$C$39:$J$39,FALSE))*BB9)*(1+INDEX(职业模板!$C$29:$J$34,MATCH($K9,职业模板!$B$29:$B$34,FALSE),MATCH(Z$3,职业模板!$C$28:$J$28,FALSE))),2)} -> 53.55 | AA9: {=ROUND((BC9+BK9*$J9+INDEX(职业模板!$C$40:$J$60,MATCH($L9,职业模板!$B$40:$B$60,FALSE),MATCH(AA$3,职业模板!$C$39:$J$39,FALSE))*BC9)*(1+INDEX(职业模板!$C$29:$J$34,MATCH($K9,职业模板!$B$29:$B$34,FALSE),MATCH(AA$3,职业模板!$C$28:$J$28,FALSE))),2)} -> 50.5 | AB9: {=ROUND((BD9+BL9*$J9+INDEX(职业模板!$C$40:$J$60,MATCH($L9,职业模板!$B$40:$B$60,FALSE),MATCH(AB$3,职业模板!$C$39:$J$39,FALSE))*BD9)*(1+INDEX(职业模板!$C$29:$J$34,MATCH($K9,职业模板!$B$29:$B$34,FALSE),MATCH(AB$3,职业模板!$C$28:$J$28,FALSE))),2)} -> 80.8 | AC9: {=ROUND((BE9+BM9*$J9+INDEX(职业模板!$C$40:$J$60,MATCH($L9,职业模板!$B$40:$B$60,FALSE),MATCH(AC$3,职业模板!$C$39:$J$39,FALSE))*BE9)*(1+INDEX(职业模板!$C$29:$J$34,MATCH($K9,职业模板!$B$29:$B$34,FALSE),MATCH(AC$3,职业模板!$C$28:$J$28,FALSE))),2)} -> 50.5 | AD9: 1.5 | AE9: 2 | AX9: {=IFERROR(INDEX(属性分配!$C$4:$J$4,MATCH(AX$3,属性分配!$C$3:$J$3,FALSE))*INDEX(职业模板!$C$5:$J$12,MATCH($C9,职业模板!$B$5:$B$12,FALSE),MATCH(AX$3,职业模板!$C$3:$J$3,FALSE))*$F9*N9,"")} -> 270 | AY9: {=IFERROR(INDEX(属性分配!$C$4:$J$4,MATCH(AY$3,属性分配!$C$3:$J$3,FALSE))*INDEX(职业模板!$C$5:$J$12,MATCH($C9,职业模板!$B$5:$B$12,FALSE),MATCH(AY$3,职业模板!$C$3:$J$3,FALSE))*$F9*O9,"")} -> 42.5 | AZ9: {=IFERROR(INDEX(属性分配!$C$4:$J$4,MATCH(AZ$3,属性分配!$C$3:$J$3,FALSE))*INDEX(职业模板!$C$5:$J$12,MATCH($C9,职业模板!$B$5:$B$12,FALSE),MATCH(AZ$3,职业模板!$C$3:$J$3,FALSE))*$F9*P9,"")} -> 62.5 | BA9: {=IFERROR(INDEX(属性分配!$C$4:$J$4,MATCH(BA$3,属性分配!$C$3:$J$3,FALSE))*INDEX(职业模板!$C$5:$J$12,MATCH($C9,职业模板!$B$5:$B$12,FALSE),MATCH(BA$3,职业模板!$C$3:$J$3,FALSE))*$F9*Q9,"")} -> 37.5 | BB9: {=IFERROR(INDEX(属性分配!$C$4:$J$4,MATCH(BB$3,属性分配!$C$3:$J$3,FALSE))*INDEX(职业模板!$C$5:$J$12,MATCH($C9,职业模板!$B$5:$B$12,FALSE),MATCH(BB$3,职业模板!$C$3:$J$3,FALSE))*$F9*R9,"")} -> 52.5 | BC9: {=IFERROR(INDEX(属性分配!$C$4:$J$4,MATCH(BC$3,属性分配!$C$3:$J$3,FALSE))*INDEX(职业模板!$C$5:$J$12,MATCH($C9,职业模板!$B$5:$B$12,FALSE),MATCH(BC$3,职业模板!$C$3:$J$3,FALSE))*$F9*S9,"")} -> 50 | BD9: {=IFERROR(INDEX(属性分配!$C$4:$J$4,MATCH(BD$3,属性分配!$C$3:$J$3,FALSE))*INDEX(职业模板!$C$5:$J$12,MATCH($C9,职业模板!$B$5:$B$12,FALSE),MATCH(BD$3,职业模板!$C$3:$J$3,FALSE))*$F9*T9,"")} -> 80 | BE9: {=IFERROR(INDEX(属性分配!$C$4:$J$4,MATCH(BE$3,属性分配!$C$3:$J$3,FALSE))*INDEX(职业模板!$C$5:$J$12,MATCH($C9,职业模板!$B$5:$B$12,FALSE),MATCH(BE$3,职业模板!$C$3:$J$3,FALSE))*$F9*U9,"")} -> 50 | BF9: {=IFERROR(INDEX(属性分配!$C$11:$J$11,MATCH(BF$3,属性分配!$C$3:$J$3,FALSE))/职业模板!$E$16*AX9,"")} -> 8.1 | BG9: {=IFERROR(INDEX(属性分配!$C$11:$J$11,MATCH(BG$3,属性分配!$C$3:$J$3,FALSE))/职业模板!$E$16*AY9,"")} -> 1.275 | BH9: {=IFERROR(INDEX(属性分配!$C$11:$J$11,MATCH(BH$3,属性分配!$C$3:$J$3,FALSE))/职业模板!$E$16*AZ9,"")} -> 1.875 | BI9: {=IFERROR(INDEX(属性分配!$C$11:$J$11,MATCH(BI$3,属性分配!$C$3:$J$3,FALSE))/职业模板!$E$16*BA9,"")} -> 0.75 | BJ9: {=IFERROR(INDEX(属性分配!$C$11:$J$11,MATCH(BJ$3,属性分配!$C$3:$J$3,FALSE))/职业模板!$E$16*BB9,"")} -> 1.05 | BK9: {=IFERROR(INDEX(属性分配!$C$11:$J$11,MATCH(BK$3,属性分配!$C$3:$J$3,FALSE))/职业模板!$E$16*BC9,"")} -> 0.5 | BL9: {=IFERROR(INDEX(属性分配!$C$11:$J$11,MATCH(BL$3,属性分配!$C$3:$J$3,FALSE))/职业模板!$E$16*BD9,"")} -> 0.8 | BM9: {=IFERROR(INDEX(属性分配!$C$11:$J$11,MATCH(BM$3,属性分配!$C$3:$J$3,FALSE))/职业模板!$E$16*BE9,"")} -> 0.5 | BN9: {=IFERROR(ROUND((AX9+BF9*职业模板!$E$16)*(1+INDEX(职业模板!$C$29:$J$34,MATCH($K9,职业模板!$B$29:$B$34,FALSE),MATCH(V$3,职业模板!$C$28:$J$28,FALSE))+INDEX(职业模板!$C$40:$J$60,MATCH($L9,职业模板!$B$40:$B$60,FALSE),MATCH(V$3,职业模板!$C$39:$J$39,FALSE))),2),"")} -> 1080 | BO9: {=IFERROR(ROUND((AY9+BG9*职业模板!$E$16)*(1+INDEX(职业模板!$C$29:$J$34,MATCH($K9,职业模板!$B$29:$B$34,FALSE),MATCH(W$3,职业模板!$C$28:$J$28,FALSE))+INDEX(职业模板!$C$40:$J$60,MATCH($L9,职业模板!$B$40:$B$60,FALSE),MATCH(W$3,职业模板!$C$39:$J$39,FALSE))),2),"")} -> 170 | BP9: {=IFERROR(ROUND((AZ9+BH9*职业模板!$E$16)*(1+INDEX(职业模板!$C$29:$J$34,MATCH($K9,职业模板!$B$29:$B$34,FALSE),MATCH(X$3,职业模板!$C$28:$J$28,FALSE))+INDEX(职业模板!$C$40:$J$60,MATCH($L9,职业模板!$B$40:$B$60,FALSE),MATCH(X$3,职业模板!$C$39:$J$39,FALSE))),2),"")} -> 250 | BQ9: {=IFERROR(ROUND((BA9+BI9*职业模板!$E$16)*(1+INDEX(职业模板!$C$29:$J$34,MATCH($K9,职业模板!$B$29:$B$34,FALSE),MATCH(Y$3,职业模板!$C$28:$J$28,FALSE))+INDEX(职业模板!$C$40:$J$60,MATCH($L9,职业模板!$B$40:$B$60,FALSE),MATCH(Y$3,职业模板!$C$39:$J$39,FALSE))),2),"")} -> 112.5 | BR9: {=IFERROR(ROUND((BB9+BJ9*职业模板!$E$16)*(1+INDEX(职业模板!$C$29:$J$34,MATCH($K9,职业模板!$B$29:$B$34,FALSE),MATCH(Z$3,职业模板!$C$28:$J$28,FALSE))+INDEX(职业模板!$C$40:$J$60,MATCH($L9,职业模板!$B$40:$B$60,FALSE),MATCH(Z$3,职业模板!$C$39:$J$39,FALSE))),2),"")} -> 157.5 | BS9: {=IFERROR(ROUND((BC9+BK9*职业模板!$E$16)*(1+INDEX(职业模板!$C$29:$J$34,MATCH($K9,职业模板!$B$29:$B$34,FALSE),MATCH(AA$3,职业模板!$C$28:$J$28,FALSE))+INDEX(职业模板!$C$40:$J$60,MATCH($L9,职业模板!$B$40:$B$60,FALSE),MATCH(AA$3,职业模板!$C$39:$J$39,FALSE))),2),"")} -> 100 | BT9: {=IFERROR(ROUND((BD9+BL9*职业模板!$E$16)*(1+INDEX(职业模板!$C$29:$J$34,MATCH($K9,职业模板!$B$29:$B$34,FALSE),MATCH(AB$3,职业模板!$C$28:$J$28,FALSE))+INDEX(职业模板!$C$40:$J$60,MATCH($L9,职业模板!$B$40:$B$60,FALSE),MATCH(AB$3,职业模板!$C$39:$J$39,FALSE))),2),"")} -> 160 | BU9: {=IFERROR(ROUND((BE9+BM9*职业模板!$E$16)*(1+INDEX(职业模板!$C$29:$J$34,MATCH($K9,职业模板!$B$29:$B$34,FALSE),MATCH(AC$3,职业模板!$C$28:$J$28,FALSE))+INDEX(职业模板!$C$40:$J$60,MATCH($L9,职业模板!$B$40:$B$60,FALSE),MATCH(AC$3,职业模板!$C$39:$J$39,FALSE))),2),"")} -> 100 | BV9: {=IF(SUMPRODUCT($BN9:$BR9,属性分配!$C$7:$G$7)=0,"",SUMPRODUCT($BN9:$BR9,属性分配!$C$7:$G$7))} -> 2760 | BW9: {=IFERROR((AX9+BF9*职业模板!$E$16)*(1+INDEX(职业模板!$C$34:$J$34,MATCH(V$3,职业模板!$C$28:$J$28,FALSE))+INDEX(职业模板!$C$60:$J$60,MATCH(V$3,职业模板!$C$39:$J$39,FALSE))),"")} -> 6480 | BX9: {=IFERROR((AY9+BG9*职业模板!$E$16)*(1+INDEX(职业模板!$C$34:$J$34,MATCH(W$3,职业模板!$C$28:$J$28,FALSE))+INDEX(职业模板!$C$60:$J$60,MATCH(W$3,职业模板!$C$39:$J$39,FALSE))),"")} -> 850 | BY9: {=IFERROR((AZ9+BH9*职业模板!$E$16)*(1+INDEX(职业模板!$C$34:$J$34,MATCH(X$3,职业模板!$C$28:$J$28,FALSE))+INDEX(职业模板!$C$60:$J$60,MATCH(X$3,职业模板!$C$39:$J$39,FALSE))),"")} -> 1250 | BZ9: {=IFERROR((BA9+BI9*职业模板!$E$16)*(1+INDEX(职业模板!$C$34:$J$34,MATCH(Y$3,职业模板!$C$28:$J$28,FALSE))+INDEX(职业模板!$C$60:$J$60,MATCH(Y$3,职业模板!$C$39:$J$39,FALSE))),"")} -> 450 | CA9: {=IFERROR((BB9+BJ9*职业模板!$E$16)*(1+INDEX(职业模板!$C$34:$J$34,MATCH(Z$3,职业模板!$C$28:$J$28,FALSE))+INDEX(职业模板!$C$60:$J$60,MATCH(Z$3,职业模板!$C$39:$J$39,FALSE))),"")} -> 630 | CB9: {=IFERROR((BC9+BK9*职业模板!$E$16)*(1+INDEX(职业模板!$C$34:$J$34,MATCH(AA$3,职业模板!$C$28:$J$28,FALSE))+INDEX(职业模板!$C$60:$J$60,MATCH(AA$3,职业模板!$C$39:$J$39,FALSE))),"")} -> 175 | CC9: {=IFERROR((BD9+BL9*职业模板!$E$16)*(1+INDEX(职业模板!$C$34:$J$34,MATCH(AB$3,职业模板!$C$28:$J$28,FALSE))+INDEX(职业模板!$C$60:$J$60,MATCH(AB$3,职业模板!$C$39:$J$39,FALSE))),"")} -> 280 | CD9: {=IFERROR((BE9+BM9*职业模板!$E$16)*(1+INDEX(职业模板!$C$34:$J$34,MATCH(AC$3,职业模板!$C$28:$J$28,FALSE))+INDEX(职业模板!$C$60:$J$60,MATCH(AC$3,职业模板!$C$39:$J$39,FALSE))),"")} -> 175 | CE9: {=IF(SUMPRODUCT(BW9:CA9,属性分配!$C$7:$G$7)=0,"",SUMPRODUCT(BW9:CA9,属性分配!$C$7:$G$7))} -> 13800
A10: 10006 | B10: 模板7 | C10: 猎人 | D10: 4 | E10: 4 | F10: 1 | G10: 20 | H10: 5 | I10: 0 | J10: 1 | K10: 0 | L10: 0 | M10: 0 | N10: 1 | O10: 1 | P10: 1 | Q10: 1 | R10: 1 | S10: 1 | T10: 1 | U10: 1 | V10: {=ROUND((AX10+BF10*$J10+INDEX(职业模板!$C$40:$J$60,MATCH($L10,职业模板!$B$40:$B$60,FALSE),MATCH(V$3,职业模板!$C$39:$J$39,FALSE))*AX10)*(1+INDEX(职业模板!$C$29:$J$34,MATCH($K10,职业模板!$B$29:$B$34,FALSE),MATCH(V$3,职业模板!$C$28:$J$28,FALSE))),2)} -> 293.55 | W10: {=ROUND((AY10+BG10*$J10+INDEX(职业模板!$C$40:$J$60,MATCH($L10,职业模板!$B$40:$B$60,FALSE),MATCH(W$3,职业模板!$C$39:$J$39,FALSE))*AY10)*(1+INDEX(职业模板!$C$29:$J$34,MATCH($K10,职业模板!$B$29:$B$34,FALSE),MATCH(W$3,职业模板!$C$28:$J$28,FALSE))),2)} -> 61.8 | X10: {=ROUND((AZ10+BH10*$J10+INDEX(职业模板!$C$40:$J$60,MATCH($L10,职业模板!$B$40:$B$60,FALSE),MATCH(X$3,职业模板!$C$39:$J$39,FALSE))*AZ10)*(1+INDEX(职业模板!$C$29:$J$34,MATCH($K10,职业模板!$B$29:$B$34,FALSE),MATCH(X$3,职业模板!$C$28:$J$28,FALSE))),2)} -> 41.2 | Y10: {=ROUND((BA10+BI10*$J10+INDEX(职业模板!$C$40:$J$60,MATCH($L10,职业模板!$B$40:$B$60,FALSE),MATCH(Y$3,职业模板!$C$39:$J$39,FALSE))*BA10)*(1+INDEX(职业模板!$C$29:$J$34,MATCH($K10,职业模板!$B$29:$B$34,FALSE),MATCH(Y$3,职业模板!$C$28:$J$28,FALSE))),2)} -> 48.45 | Z10: {=ROUND((BB10+BJ10*$J10+INDEX(职业模板!$C$40:$J$60,MATCH($L10,职业模板!$B$40:$B$60,FALSE),MATCH(Z$3,职业模板!$C$39:$J$39,FALSE))*BB10)*(1+INDEX(职业模板!$C$29:$J$34,MATCH($K10,职业模板!$B$29:$B$34,FALSE),MATCH(Z$3,职业模板!$C$28:$J$28,FALSE))),2)} -> 45.9 | AA10: {=ROUND((BC10+BK10*$J10+INDEX(职业模板!$C$40:$J$60,MATCH($L10,职业模板!$B$40:$B$60,FALSE),MATCH(AA$3,职业模板!$C$39:$J$39,FALSE))*BC10)*(1+INDEX(职业模板!$C$29:$J$34,MATCH($K10,职业模板!$B$29:$B$34,FALSE),MATCH(AA$3,职业模板!$C$28:$J$28,FALSE))),2)} -> 70.7 | AB10: {=ROUND((BD10+BL10*$J10+INDEX(职业模板!$C$40:$J$60,MATCH($L10,职业模板!$B$40:$B$60,FALSE),MATCH(AB$3,职业模板!$C$39:$J$39,FALSE))*BD10)*(1+INDEX(职业模板!$C$29:$J$34,MATCH($K10,职业模板!$B$29:$B$34,FALSE),MATCH(AB$3,职业模板!$C$28:$J$28,FALSE))),2)} -> 50.5 | AC10: {=ROUND((BE10+BM10*$J10+INDEX(职业模板!$C$40:$J$60,MATCH($L10,职业模板!$B$40:$B$60,FALSE),MATCH(AC$3,职业模板!$C$39:$J$39,FALSE))*BE10)*(1+INDEX(职业模板!$C$29:$J$34,MATCH($K10,职业模板!$B$29:$B$34,FALSE),MATCH(AC$3,职业模板!$C$28:$J$28,FALSE))),2)} -> 60.6 | AD10: 1.5 | AE10: 2 | AX10: {=IFERROR(INDEX(属性分配!$C$4:$J$4,MATCH(AX$3,属性分配!$C$3:$J$3,FALSE))*INDEX(职业模板!$C$5:$J$12,MATCH($C10,职业模板!$B$5:$B$12,FALSE),MATCH(AX$3,职业模板!$C$3:$J$3,FALSE))*$F10*N10,"")} -> 285 | AY10: {=IFERROR(INDEX(属性分配!$C$4:$J$4,MATCH(AY$3,属性分配!$C$3:$J$3,FALSE))*INDEX(职业模板!$C$5:$J$12,MATCH($C10,职业模板!$B$5:$B$12,FALSE),MATCH(AY$3,职业模板!$C$3:$J$3,FALSE))*$F10*O10,"")} -> 60 | AZ10: {=IFERROR(INDEX(属性分配!$C$4:$J$4,MATCH(AZ$3,属性分配!$C$3:$J$3,FALSE))*INDEX(职业模板!$C$5:$J$12,MATCH($C10,职业模板!$B$5:$B$12,FALSE),MATCH(AZ$3,职业模板!$C$3:$J$3,FALSE))*$F10*P10,"")} -> 40 | BA10: {=IFERROR(INDEX(属性分配!$C$4:$J$4,MATCH(BA$3,属性分配!$C$3:$J$3,FALSE))*INDEX(职业模板!$C$5:$J$12,MATCH($C10,职业模板!$B$5:$B$12,FALSE),MATCH(BA$3,职业模板!$C$3:$J$3,FALSE))*$F10*Q10,"")} -> 47.5 | BB10: {=IFERROR(INDEX(属性分配!$C$4:$J$4,MATCH(BB$3,属性分配!$C$3:$J$3,FALSE))*INDEX(职业模板!$C$5:$J$12,MATCH($C10,职业模板!$B$5:$B$12,FALSE),MATCH(BB$3,职业模板!$C$3:$J$3,FALSE))*$F10*R10,"")} -> 45 | BC10: {=IFERROR(INDEX(属性分配!$C$4:$J$4,MATCH(BC$3,属性分配!$C$3:$J$3,FALSE))*INDEX(职业模板!$C$5:$J$12,MATCH($C10,职业模板!$B$5:$B$12,FALSE),MATCH(BC$3,职业模板!$C$3:$J$3,FALSE))*$F10*S10,"")} -> 70 | BD10: {=IFERROR(INDEX(属性分配!$C$4:$J$4,MATCH(BD$3,属性分配!$C$3:$J$3,FALSE))*INDEX(职业模板!$C$5:$J$12,MATCH($C10,职业模板!$B$5:$B$12,FALSE),MATCH(BD$3,职业模板!$C$3:$J$3,FALSE))*$F10*T10,"")} -> 50 | BE10: {=IFERROR(INDEX(属性分配!$C$4:$J$4,MATCH(BE$3,属性分配!$C$3:$J$3,FALSE))*INDEX(职业模板!$C$5:$J$12,MATCH($C10,职业模板!$B$5:$B$12,FALSE),MATCH(BE$3,职业模板!$C$3:$J$3,FALSE))*$F10*U10,"")} -> 60 | BF10: {=IFERROR(INDEX(属性分配!$C$11:$J$11,MATCH(BF$3,属性分配!$C$3:$J$3,FALSE))/职业模板!$E$16*AX10,"")} -> 8.55 | BG10: {=IFERROR(INDEX(属性分配!$C$11:$J$11,MATCH(BG$3,属性分配!$C$3:$J$3,FALSE))/职业模板!$E$16*AY10,"")} -> 1.8 | BH10: {=IFERROR(INDEX(属性分配!$C$11:$J$11,MATCH(BH$3,属性分配!$C$3:$J$3,FALSE))/职业模板!$E$16*AZ10,"")} -> 1.2 | BI10: {=IFERROR(INDEX(属性分配!$C$11:$J$11,MATCH(BI$3,属性分配!$C$3:$J$3,FALSE))/职业模板!$E$16*BA10,"")} -> 0.95 | BJ10: {=IFERROR(INDEX(属性分配!$C$11:$J$11,MATCH(BJ$3,属性分配!$C$3:$J$3,FALSE))/职业模板!$E$16*BB10,"")} -> 0.9 | BK10: {=IFERROR(INDEX(属性分配!$C$11:$J$11,MATCH(BK$3,属性分配!$C$3:$J$3,FALSE))/职业模板!$E$16*BC10,"")} -> 0.7 | BL10: {=IFERROR(INDEX(属性分配!$C$11:$J$11,MATCH(BL$3,属性分配!$C$3:$J$3,FALSE))/职业模板!$E$16*BD10,"")} -> 0.5 | BM10: {=IFERROR(INDEX(属性分配!$C$11:$J$11,MATCH(BM$3,属性分配!$C$3:$J$3,FALSE))/职业模板!$E$16*BE10,"")} -> 0.6 | BN10: {=IFERROR(ROUND((AX10+BF10*职业模板!$E$16)*(1+INDEX(职业模板!$C$29:$J$34,MATCH($K10,职业模板!$B$29:$B$34,FALSE),MATCH(V$3,职业模板!$C$28:$J$28,FALSE))+INDEX(职业模板!$C$40:$J$60,MATCH($L10,职业模板!$B$40:$B$60,FALSE),MATCH(V$3,职业模板!$C$39:$J$39,FALSE))),2),"")} -> 1140 | BO10: {=IFERROR(ROUND((AY10+BG10*职业模板!$E$16)*(1+INDEX(职业模板!$C$29:$J$34,MATCH($K10,职业模板!$B$29:$B$34,FALSE),MATCH(W$3,职业模板!$C$28:$J$28,FALSE))+INDEX(职业模板!$C$40:$J$60,MATCH($L10,职业模板!$B$40:$B$60,FALSE),MATCH(W$3,职业模板!$C$39:$J$39,FALSE))),2),"")} -> 240 | BP10: {=IFERROR(ROUND((AZ10+BH10*职业模板!$E$16)*(1+INDEX(职业模板!$C$29:$J$34,MATCH($K10,职业模板!$B$29:$B$34,FALSE),MATCH(X$3,职业模板!$C$28:$J$28,FALSE))+INDEX(职业模板!$C$40:$J$60,MATCH($L10,职业模板!$B$40:$B$60,FALSE),MATCH(X$3,职业模板!$C$39:$J$39,FALSE))),2),"")} -> 160 | BQ10: {=IFERROR(ROUND((BA10+BI10*职业模板!$E$16)*(1+INDEX(职业模板!$C$29:$J$34,MATCH($K10,职业模板!$B$29:$B$34,FALSE),MATCH(Y$3,职业模板!$C$28:$J$28,FALSE))+INDEX(职业模板!$C$40:$J$60,MATCH($L10,职业模板!$B$40:$B$60,FALSE),MATCH(Y$3,职业模板!$C$39:$J$39,FALSE))),2),"")} -> 142.5 | BR10: {=IFERROR(ROUND((BB10+BJ10*职业模板!$E$16)*(1+INDEX(职业模板!$C$29:$J$34,MATCH($K10,职业模板!$B$29:$B$34,FALSE),MATCH(Z$3,职业模板!$C$28:$J$28,FALSE))+INDEX(职业模板!$C$40:$J$60,MATCH($L10,职业模板!$B$40:$B$60,FALSE),MATCH(Z$3,职业模板!$C$39:$J$39,FALSE))),2),"")} -> 135 | BS10: {=IFERROR(ROUND((BC10+BK10*职业模板!$E$16)*(1+INDEX(职业模板!$C$29:$J$34,MATCH($K10,职业模板!$B$29:$B$34,FALSE),MATCH(AA$3,职业模板!$C$28:$J$28,FALSE))+INDEX(职业模板!$C$40:$J$60,MATCH($L10,职业模板!$B$40:$B$60,FALSE),MATCH(AA$3,职业模板!$C$39:$J$39,FALSE))),2),"")} -> 140 | BT10: {=IFERROR(ROUND((BD10+BL10*职业模板!$E$16)*(1+INDEX(职业模板!$C$29:$J$34,MATCH($K10,职业模板!$B$29:$B$34,FALSE),MATCH(AB$3,职业模板!$C$28:$J$28,FALSE))+INDEX(职业模板!$C$40:$J$60,MATCH($L10,职业模板!$B$40:$B$60,FALSE),MATCH(AB$3,职业模板!$C$39:$J$39,FALSE))),2),"")} -> 100 | BU10: {=IFERROR(ROUND((BE10+BM10*职业模板!$E$16)*(1+INDEX(职业模板!$C$29:$J$34,MATCH($K10,职业模板!$B$29:$B$34,FALSE),MATCH(AC$3,职业模板!$C$28:$J$28,FALSE))+INDEX(职业模板!$C$40:$J$60,MATCH($L10,职业模板!$B$40:$B$60,FALSE),MATCH(AC$3,职业模板!$C$39:$J$39,FALSE))),2),"")} -> 120 | BV10: {=IF(SUMPRODUCT($BN10:$BR10,属性分配!$C$7:$G$7)=0,"",SUMPRODUCT($BN10:$BR10,属性分配!$C$7:$G$7))} -> 2725 | BW10: {=IFERROR((AX10+BF10*职业模板!$E$16)*(1+INDEX(职业模板!$C$34:$J$34,MATCH(V$3,职业模板!$C$28:$J$28,FALSE))+INDEX(职业模板!$C$60:$J$60,MATCH(V$3,职业模板!$C$39:$J$39,FALSE))),"")} -> 6840 | BX10: {=IFERROR((AY10+BG10*职业模板!$E$16)*(1+INDEX(职业模板!$C$34:$J$34,MATCH(W$3,职业模板!$C$28:$J$28,FALSE))+INDEX(职业模板!$C$60:$J$60,MATCH(W$3,职业模板!$C$39:$J$39,FALSE))),"")} -> 1200 | BY10: {=IFERROR((AZ10+BH10*职业模板!$E$16)*(1+INDEX(职业模板!$C$34:$J$34,MATCH(X$3,职业模板!$C$28:$J$28,FALSE))+INDEX(职业模板!$C$60:$J$60,MATCH(X$3,职业模板!$C$39:$J$39,FALSE))),"")} -> 800 | BZ10: {=IFERROR((BA10+BI10*职业模板!$E$16)*(1+INDEX(职业模板!$C$34:$J$34,MATCH(Y$3,职业模板!$C$28:$J$28,FALSE))+INDEX(职业模板!$C$60:$J$60,MATCH(Y$3,职业模板!$C$39:$J$39,FALSE))),"")} -> 570 | CA10: {=IFERROR((BB10+BJ10*职业模板!$E$16)*(1+INDEX(职业模板!$C$34:$J$34,MATCH(Z$3,职业模板!$C$28:$J$28,FALSE))+INDEX(职业模板!$C$60:$J$60,MATCH(Z$3,职业模板!$C$39:$J$39,FALSE))),"")} -> 540 | CB10: {=IFERROR((BC10+BK10*职业模板!$E$16)*(1+INDEX(职业模板!$C$34:$J$34,MATCH(AA$3,职业模板!$C$28:$J$28,FALSE))+INDEX(职业模板!$C$60:$J$60,MATCH(AA$3,职业模板!$C$39:$J$39,FALSE))),"")} -> 245 | CC10: {=IFERROR((BD10+BL10*职业模板!$E$16)*(1+INDEX(职业模板!$C$34:$J$34,MATCH(AB$3,职业模板!$C$28:$J$28,FALSE))+INDEX(职业模板!$C$60:$J$60,MATCH(AB$3,职业模板!$C$39:$J$39,FALSE))),"")} -> 175 | CD10: {=IFERROR((BE10+BM10*职业模板!$E$16)*(1+INDEX(职业模板!$C$34:$J$34,MATCH(AC$3,职业模板!$C$28:$J$28,FALSE))+INDEX(职业模板!$C$60:$J$60,MATCH(AC$3,职业模板!$C$39:$J$39,FALSE))),"")} -> 210 | CE10: {=IF(SUMPRODUCT(BW10:CA10,属性分配!$C$7:$G$7)=0,"",SUMPRODUCT(BW10:CA10,属性分配!$C$7:$G$7))} -> 13640
A11: 10007 | B11: 模板8 | C11: 辅助 | D11: 4 | E11: 4 | F11: 1 | G11: 20 | H11: 5 | I11: 0 | J11: 1 | K11: 0 | L11: 0 | M11: 0 | N11: 1 | O11: 1 | P11: 1 | Q11: 1 | R11: 1 | S11: 1 | T11: 1 | U11: 1 | V11: {=ROUND((AX11+BF11*$J11+INDEX(职业模板!$C$40:$J$60,MATCH($L11,职业模板!$B$40:$B$60,FALSE),MATCH(V$3,职业模板!$C$39:$J$39,FALSE))*AX11)*(1+INDEX(职业模板!$C$29:$J$34,MATCH($K11,职业模板!$B$29:$B$34,FALSE),MATCH(V$3,职业模板!$C$28:$J$28,FALSE))),2)} -> 339.9 | W11: {=ROUND((AY11+BG11*$J11+INDEX(职业模板!$C$40:$J$60,MATCH($L11,职业模板!$B$40:$B$60,FALSE),MATCH(W$3,职业模板!$C$39:$J$39,FALSE))*AY11)*(1+INDEX(职业模板!$C$29:$J$34,MATCH($K11,职业模板!$B$29:$B$34,FALSE),MATCH(W$3,职业模板!$C$28:$J$28,FALSE))),2)} -> 46.35 | X11: {=ROUND((AZ11+BH11*$J11+INDEX(职业模板!$C$40:$J$60,MATCH($L11,职业模板!$B$40:$B$60,FALSE),MATCH(X$3,职业模板!$C$39:$J$39,FALSE))*AZ11)*(1+INDEX(职业模板!$C$29:$J$34,MATCH($K11,职业模板!$B$29:$B$34,FALSE),MATCH(X$3,职业模板!$C$28:$J$28,FALSE))),2)} -> 51.5 | Y11: {=ROUND((BA11+BI11*$J11+INDEX(职业模板!$C$40:$J$60,MATCH($L11,职业模板!$B$40:$B$60,FALSE),MATCH(Y$3,职业模板!$C$39:$J$39,FALSE))*BA11)*(1+INDEX(职业模板!$C$29:$J$34,MATCH($K11,职业模板!$B$29:$B$34,FALSE),MATCH(Y$3,职业模板!$C$28:$J$28,FALSE))),2)} -> 48.45 | Z11: {=ROUND((BB11+BJ11*$J11+INDEX(职业模板!$C$40:$J$60,MATCH($L11,职业模板!$B$40:$B$60,FALSE),MATCH(Z$3,职业模板!$C$39:$J$39,FALSE))*BB11)*(1+INDEX(职业模板!$C$29:$J$34,MATCH($K11,职业模板!$B$29:$B$34,FALSE),MATCH(Z$3,职业模板!$C$28:$J$28,FALSE))),2)} -> 48.45 | AA11: {=ROUND((BC11+BK11*$J11+INDEX(职业模板!$C$40:$J$60,MATCH($L11,职业模板!$B$40:$B$60,FALSE),MATCH(AA$3,职业模板!$C$39:$J$39,FALSE))*BC11)*(1+INDEX(职业模板!$C$29:$J$34,MATCH($K11,职业模板!$B$29:$B$34,FALSE),MATCH(AA$3,职业模板!$C$28:$J$28,FALSE))),2)} -> 60.6 | AB11: {=ROUND((BD11+BL11*$J11+INDEX(职业模板!$C$40:$J$60,MATCH($L11,职业模板!$B$40:$B$60,FALSE),MATCH(AB$3,职业模板!$C$39:$J$39,FALSE))*BD11)*(1+INDEX(职业模板!$C$29:$J$34,MATCH($K11,职业模板!$B$29:$B$34,FALSE),MATCH(AB$3,职业模板!$C$28:$J$28,FALSE))),2)} -> 50.5 | AC11: {=ROUND((BE11+BM11*$J11+INDEX(职业模板!$C$40:$J$60,MATCH($L11,职业模板!$B$40:$B$60,FALSE),MATCH(AC$3,职业模板!$C$39:$J$39,FALSE))*BE11)*(1+INDEX(职业模板!$C$29:$J$34,MATCH($K11,职业模板!$B$29:$B$34,FALSE),MATCH(AC$3,职业模板!$C$28:$J$28,FALSE))),2)} -> 70.7 | AD11: 1.5 | AE11: 2 | AX11: {=IFERROR(INDEX(属性分配!$C$4:$J$4,MATCH(AX$3,属性分配!$C$3:$J$3,FALSE))*INDEX(职业模板!$C$5:$J$12,MATCH($C11,职业模板!$B$5:$B$12,FALSE),MATCH(AX$3,职业模板!$C$3:$J$3,FALSE))*$F11*N11,"")} -> 330 | AY11: {=IFERROR(INDEX(属性分配!$C$4:$J$4,MATCH(AY$3,属性分配!$C$3:$J$3,FALSE))*INDEX(职业模板!$C$5:$J$12,MATCH($C11,职业模板!$B$5:$B$12,FALSE),MATCH(AY$3,职业模板!$C$3:$J$3,FALSE))*$F11*O11,"")} -> 45 | AZ11: {=IFERROR(INDEX(属性分配!$C$4:$J$4,MATCH(AZ$3,属性分配!$C$3:$J$3,FALSE))*INDEX(职业模板!$C$5:$J$12,MATCH($C11,职业模板!$B$5:$B$12,FALSE),MATCH(AZ$3,职业模板!$C$3:$J$3,FALSE))*$F11*P11,"")} -> 50 | BA11: {=IFERROR(INDEX(属性分配!$C$4:$J$4,MATCH(BA$3,属性分配!$C$3:$J$3,FALSE))*INDEX(职业模板!$C$5:$J$12,MATCH($C11,职业模板!$B$5:$B$12,FALSE),MATCH(BA$3,职业模板!$C$3:$J$3,FALSE))*$F11*Q11,"")} -> 47.5 | BB11: {=IFERROR(INDEX(属性分配!$C$4:$J$4,MATCH(BB$3,属性分配!$C$3:$J$3,FALSE))*INDEX(职业模板!$C$5:$J$12,MATCH($C11,职业模板!$B$5:$B$12,FALSE),MATCH(BB$3,职业模板!$C$3:$J$3,FALSE))*$F11*R11,"")} -> 47.5 | BC11: {=IFERROR(INDEX(属性分配!$C$4:$J$4,MATCH(BC$3,属性分配!$C$3:$J$3,FALSE))*INDEX(职业模板!$C$5:$J$12,MATCH($C11,职业模板!$B$5:$B$12,FALSE),MATCH(BC$3,职业模板!$C$3:$J$3,FALSE))*$F11*S11,"")} -> 60 | BD11: {=IFERROR(INDEX(属性分配!$C$4:$J$4,MATCH(BD$3,属性分配!$C$3:$J$3,FALSE))*INDEX(职业模板!$C$5:$J$12,MATCH($C11,职业模板!$B$5:$B$12,FALSE),MATCH(BD$3,职业模板!$C$3:$J$3,FALSE))*$F11*T11,"")} -> 50 | BE11: {=IFERROR(INDEX(属性分配!$C$4:$J$4,MATCH(BE$3,属性分配!$C$3:$J$3,FALSE))*INDEX(职业模板!$C$5:$J$12,MATCH($C11,职业模板!$B$5:$B$12,FALSE),MATCH(BE$3,职业模板!$C$3:$J$3,FALSE))*$F11*U11,"")} -> 70 | BF11: {=IFERROR(INDEX(属性分配!$C$11:$J$11,MATCH(BF$3,属性分配!$C$3:$J$3,FALSE))/职业模板!$E$16*AX11,"")} -> 9.9 | BG11: {=IFERROR(INDEX(属性分配!$C$11:$J$11,MATCH(BG$3,属性分配!$C$3:$J$3,FALSE))/职业模板!$E$16*AY11,"")} -> 1.35 | BH11: {=IFERROR(INDEX(属性分配!$C$11:$J$11,MATCH(BH$3,属性分配!$C$3:$J$3,FALSE))/职业模板!$E$16*AZ11,"")} -> 1.5 | BI11: {=IFERROR(INDEX(属性分配!$C$11:$J$11,MATCH(BI$3,属性分配!$C$3:$J$3,FALSE))/职业模板!$E$16*BA11,"")} -> 0.95 | BJ11: {=IFERROR(INDEX(属性分配!$C$11:$J$11,MATCH(BJ$3,属性分配!$C$3:$J$3,FALSE))/职业模板!$E$16*BB11,"")} -> 0.95 | BK11: {=IFERROR(INDEX(属性分配!$C$11:$J$11,MATCH(BK$3,属性分配!$C$3:$J$3,FALSE))/职业模板!$E$16*BC11,"")} -> 0.6 | BL11: {=IFERROR(INDEX(属性分配!$C$11:$J$11,MATCH(BL$3,属性分配!$C$3:$J$3,FALSE))/职业模板!$E$16*BD11,"")} -> 0.5 | BM11: {=IFERROR(INDEX(属性分配!$C$11:$J$11,MATCH(BM$3,属性分配!$C$3:$J$3,FALSE))/职业模板!$E$16*BE11,"")} -> 0.7 | BN11: {=IFERROR(ROUND((AX11+BF11*职业模板!$E$16)*(1+INDEX(职业模板!$C$29:$J$34,MATCH($K11,职业模板!$B$29:$B$34,FALSE),MATCH(V$3,职业模板!$C$28:$J$28,FALSE))+INDEX(职业模板!$C$40:$J$60,MATCH($L11,职业模板!$B$40:$B$60,FALSE),MATCH(V$3,职业模板!$C$39:$J$39,FALSE))),2),"")} -> 1320 | BO11: {=IFERROR(ROUND((AY11+BG11*职业模板!$E$16)*(1+INDEX(职业模板!$C$29:$J$34,MATCH($K11,职业模板!$B$29:$B$34,FALSE),MATCH(W$3,职业模板!$C$28:$J$28,FALSE))+INDEX(职业模板!$C$40:$J$60,MATCH($L11,职业模板!$B$40:$B$60,FALSE),MATCH(W$3,职业模板!$C$39:$J$39,FALSE))),2),"")} -> 180 | BP11: {=IFERROR(ROUND((AZ11+BH11*职业模板!$E$16)*(1+INDEX(职业模板!$C$29:$J$34,MATCH($K11,职业模板!$B$29:$B$34,FALSE),MATCH(X$3,职业模板!$C$28:$J$28,FALSE))+INDEX(职业模板!$C$40:$J$60,MATCH($L11,职业模板!$B$40:$B$60,FALSE),MATCH(X$3,职业模板!$C$39:$J$39,FALSE))),2),"")} -> 200 | BQ11: {=IFERROR(ROUND((BA11+BI11*职业模板!$E$16)*(1+INDEX(职业模板!$C$29:$J$34,MATCH($K11,职业模板!$B$29:$B$34,FALSE),MATCH(Y$3,职业模板!$C$28:$J$28,FALSE))+INDEX(职业模板!$C$40:$J$60,MATCH($L11,职业模板!$B$40:$B$60,FALSE),MATCH(Y$3,职业模板!$C$39:$J$39,FALSE))),2),"")} -> 142.5 | BR11: {=IFERROR(ROUND((BB11+BJ11*职业模板!$E$16)*(1+INDEX(职业模板!$C$29:$J$34,MATCH($K11,职业模板!$B$29:$B$34,FALSE),MATCH(Z$3,职业模板!$C$28:$J$28,FALSE))+INDEX(职业模板!$C$40:$J$60,MATCH($L11,职业模板!$B$40:$B$60,FALSE),MATCH(Z$3,职业模板!$C$39:$J$39,FALSE))),2),"")} -> 142.5 | BS11: {=IFERROR(ROUND((BC11+BK11*职业模板!$E$16)*(1+INDEX(职业模板!$C$29:$J$34,MATCH($K11,职业模板!$B$29:$B$34,FALSE),MATCH(AA$3,职业模板!$C$28:$J$28,FALSE))+INDEX(职业模板!$C$40:$J$60,MATCH($L11,职业模板!$B$40:$B$60,FALSE),MATCH(AA$3,职业模板!$C$39:$J$39,FALSE))),2),"")} -> 120 | BT11: {=IFERROR(ROUND((BD11+BL11*职业模板!$E$16)*(1+INDEX(职业模板!$C$29:$J$34,MATCH($K11,职业模板!$B$29:$B$34,FALSE),MATCH(AB$3,职业模板!$C$28:$J$28,FALSE))+INDEX(职业模板!$C$40:$J$60,MATCH($L11,职业模板!$B$40:$B$60,FALSE),MATCH(AB$3,职业模板!$C$39:$J$39,FALSE))),2),"")} -> 100 | BU11: {=IFERROR(ROUND((BE11+BM11*职业模板!$E$16)*(1+INDEX(职业模板!$C$29:$J$34,MATCH($K11,职业模板!$B$29:$B$34,FALSE),MATCH(AC$3,职业模板!$C$28:$J$28,FALSE))+INDEX(职业模板!$C$40:$J$60,MATCH($L11,职业模板!$B$40:$B$60,FALSE),MATCH(AC$3,职业模板!$C$39:$J$39,FALSE))),2),"")} -> 140 | BV11: {=IF(SUMPRODUCT($BN11:$BR11,属性分配!$C$7:$G$7)=0,"",SUMPRODUCT($BN11:$BR11,属性分配!$C$7:$G$7))} -> 2750 | BW11: {=IFERROR((AX11+BF11*职业模板!$E$16)*(1+INDEX(职业模板!$C$34:$J$34,MATCH(V$3,职业模板!$C$28:$J$28,FALSE))+INDEX(职业模板!$C$60:$J$60,MATCH(V$3,职业模板!$C$39:$J$39,FALSE))),"")} -> 7920 | BX11: {=IFERROR((AY11+BG11*职业模板!$E$16)*(1+INDEX(职业模板!$C$34:$J$34,MATCH(W$3,职业模板!$C$28:$J$28,FALSE))+INDEX(职业模板!$C$60:$J$60,MATCH(W$3,职业模板!$C$39:$J$39,FALSE))),"")} -> 900 | BY11: {=IFERROR((AZ11+BH11*职业模板!$E$16)*(1+INDEX(职业模板!$C$34:$J$34,MATCH(X$3,职业模板!$C$28:$J$28,FALSE))+INDEX(职业模板!$C$60:$J$60,MATCH(X$3,职业模板!$C$39:$J$39,FALSE))),"")} -> 1000 | BZ11: {=IFERROR((BA11+BI11*职业模板!$E$16)*(1+INDEX(职业模板!$C$34:$J$34,MATCH(Y$3,职业模板!$C$28:$J$28,FALSE))+INDEX(职业模板!$C$60:$J$60,MATCH(Y$3,职业模板!$C$39:$J$39,FALSE))),"")} -> 570 | CA11: {=IFERROR((BB11+BJ11*职业模板!$E$16)*(1+INDEX(职业模板!$C$34:$J$34,MATCH(Z$3,职业模板!$C$28:$J$28,FALSE))+INDEX(职业模板!$C$60:$J$60,MATCH(Z$3,职业模板!$C$39:$J$39,FALSE))),"")} -> 570 | CB11: {=IFERROR((BC11+BK11*职业模板!$E$16)*(1+INDEX(职业模板!$C$34:$J$34,MATCH(AA$3,职业模板!$C$28:$J$28,FALSE))+INDEX(职业模板!$C$60:$J$60,MATCH(AA$3,职业模板!$C$39:$J$39,FALSE))),"")} -> 210 | CC11: {=IFERROR((BD11+BL11*职业模板!$E$16)*(1+INDEX(职业模板!$C$34:$J$34,MATCH(AB$3,职业模板!$C$28:$J$28,FALSE))+INDEX(职业模板!$C$60:$J$60,MATCH(AB$3,职业模板!$C$39:$J$39,FALSE))),"")} -> 175 | CD11: {=IFERROR((BE11+BM11*职业模板!$E$16)*(1+INDEX(职业模板!$C$34:$J$34,MATCH(AC$3,职业模板!$C$28:$J$28,FALSE))+INDEX(职业模板!$C$60:$J$60,MATCH(AC$3,职业模板!$C$39:$J$39,FALSE))),"")} -> 245 | CE11: {=IF(SUMPRODUCT(BW11:CA11,属性分配!$C$7:$G$7)=0,"",SUMPRODUCT(BW11:CA11,属性分配!$C$7:$G$7))} -> 13840
A12: 14001 | B12: 陆小凤 | C12: 坦克 | D12: 4 | E12: 4 | F12: 1 | G12: 20 | H12: 5 | I12: 1 | J12: 1 | K12: 1 | L12: 0 | M12: 0 | N12: 1.05 | O12: 1.05 | P12: 0.95 | Q12: 1.05 | R12: 0.95 | S12: 0.11 | T12: 0.31 | U12: 0.45 | V12: {=ROUND((AX12+BF12*$J12+INDEX(职业模板!$C$40:$J$60,MATCH($L12,职业模板!$B$40:$B$60,FALSE),MATCH(V$3,职业模板!$C$39:$J$39,FALSE))*AX12)*(1+INDEX(职业模板!$C$29:$J$34,MATCH($K12,职业模板!$B$29:$B$34,FALSE),MATCH(V$3,职业模板!$C$28:$J$28,FALSE))),2)} -> 613.21 | W12: {=ROUND((AY12+BG12*$J12+INDEX(职业模板!$C$40:$J$60,MATCH($L12,职业模板!$B$40:$B$60,FALSE),MATCH(W$3,职业模板!$C$39:$J$39,FALSE))*AY12)*(1+INDEX(职业模板!$C$29:$J$34,MATCH($K12,职业模板!$B$29:$B$34,FALSE),MATCH(W$3,职业模板!$C$28:$J$28,FALSE))),2)} -> 51.91 | X12: {=ROUND((AZ12+BH12*$J12+INDEX(职业模板!$C$40:$J$60,MATCH($L12,职业模板!$B$40:$B$60,FALSE),MATCH(X$3,职业模板!$C$39:$J$39,FALSE))*AZ12)*(1+INDEX(职业模板!$C$29:$J$34,MATCH($K12,职业模板!$B$29:$B$34,FALSE),MATCH(X$3,职业模板!$C$28:$J$28,FALSE))),2)} -> 44.03 | Y12: {=ROUND((BA12+BI12*$J12+INDEX(职业模板!$C$40:$J$60,MATCH($L12,职业模板!$B$40:$B$60,FALSE),MATCH(Y$3,职业模板!$C$39:$J$39,FALSE))*BA12)*(1+INDEX(职业模板!$C$29:$J$34,MATCH($K12,职业模板!$B$29:$B$34,FALSE),MATCH(Y$3,职业模板!$C$28:$J$28,FALSE))),2)} -> 77.11 | Z12: {=ROUND((BB12+BJ12*$J12+INDEX(职业模板!$C$40:$J$60,MATCH($L12,职业模板!$B$40:$B$60,FALSE),MATCH(Z$3,职业模板!$C$39:$J$39,FALSE))*BB12)*(1+INDEX(职业模板!$C$29:$J$34,MATCH($K12,职业模板!$B$29:$B$34,FALSE),MATCH(Z$3,职业模板!$C$28:$J$28,FALSE))),2)} -> 46.51 | AA12: {=ROUND((BC12+BK12*$J12+INDEX(职业模板!$C$40:$J$60,MATCH($L12,职业模板!$B$40:$B$60,FALSE),MATCH(AA$3,职业模板!$C$39:$J$39,FALSE))*BC12)*(1+INDEX(职业模板!$C$29:$J$34,MATCH($K12,职业模板!$B$29:$B$34,FALSE),MATCH(AA$3,职业模板!$C$28:$J$28,FALSE))),2)} -> 7.67 | AB12: {=ROUND((BD12+BL12*$J12+INDEX(职业模板!$C$40:$J$60,MATCH($L12,职业模板!$B$40:$B$60,FALSE),MATCH(AB$3,职业模板!$C$39:$J$39,FALSE))*BD12)*(1+INDEX(职业模板!$C$29:$J$34,MATCH($K12,职业模板!$B$29:$B$34,FALSE),MATCH(AB$3,职业模板!$C$28:$J$28,FALSE))),2)} -> 21.6 | AC12: {=ROUND((BE12+BM12*$J12+INDEX(职业模板!$C$40:$J$60,MATCH($L12,职业模板!$B$40:$B$60,FALSE),MATCH(AC$3,职业模板!$C$39:$J$39,FALSE))*BE12)*(1+INDEX(职业模板!$C$29:$J$34,MATCH($K12,职业模板!$B$29:$B$34,FALSE),MATCH(AC$3,职业模板!$C$28:$J$28,FALSE))),2)} -> 31.36 | AD12: 1.5 | AE12: 2 | AX12: {=IFERROR(INDEX(属性分配!$C$4:$J$4,MATCH(AX$3,属性分配!$C$3:$J$3,FALSE))*INDEX(职业模板!$C$5:$J$12,MATCH($C12,职业模板!$B$5:$B$12,FALSE),MATCH(AX$3,职业模板!$C$3:$J$3,FALSE))*$F12*N12,"")} -> 425.25 | AY12: {=IFERROR(INDEX(属性分配!$C$4:$J$4,MATCH(AY$3,属性分配!$C$3:$J$3,FALSE))*INDEX(职业模板!$C$5:$J$12,MATCH($C12,职业模板!$B$5:$B$12,FALSE),MATCH(AY$3,职业模板!$C$3:$J$3,FALSE))*$F12*O12,"")} -> 42 | AZ12: {=IFERROR(INDEX(属性分配!$C$4:$J$4,MATCH(AZ$3,属性分配!$C$3:$J$3,FALSE))*INDEX(职业模板!$C$5:$J$12,MATCH($C12,职业模板!$B$5:$B$12,FALSE),MATCH(AZ$3,职业模板!$C$3:$J$3,FALSE))*$F12*P12,"")} -> 35.625 | BA12: {=IFERROR(INDEX(属性分配!$C$4:$J$4,MATCH(BA$3,属性分配!$C$3:$J$3,FALSE))*INDEX(职业模板!$C$5:$J$12,MATCH($C12,职业模板!$B$5:$B$12,FALSE),MATCH(BA$3,职业模板!$C$3:$J$3,FALSE))*$F12*Q12,"")} -> 63 | BB12: {=IFERROR(INDEX(属性分配!$C$4:$J$4,MATCH(BB$3,属性分配!$C$3:$J$3,FALSE))*INDEX(职业模板!$C$5:$J$12,MATCH($C12,职业模板!$B$5:$B$12,FALSE),MATCH(BB$3,职业模板!$C$3:$J$3,FALSE))*$F12*R12,"")} -> 38 | BC12: {=IFERROR(INDEX(属性分配!$C$4:$J$4,MATCH(BC$3,属性分配!$C$3:$J$3,FALSE))*INDEX(职业模板!$C$5:$J$12,MATCH($C12,职业模板!$B$5:$B$12,FALSE),MATCH(BC$3,职业模板!$C$3:$J$3,FALSE))*$F12*S12,"")} -> 6.6 | BD12: {=IFERROR(INDEX(属性分配!$C$4:$J$4,MATCH(BD$3,属性分配!$C$3:$J$3,FALSE))*INDEX(职业模板!$C$5:$J$12,MATCH($C12,职业模板!$B$5:$B$12,FALSE),MATCH(BD$3,职业模板!$C$3:$J$3,FALSE))*$F12*T12,"")} -> 18.6 | BE12: {=IFERROR(INDEX(属性分配!$C$4:$J$4,MATCH(BE$3,属性分配!$C$3:$J$3,FALSE))*INDEX(职业模板!$C$5:$J$12,MATCH($C12,职业模板!$B$5:$B$12,FALSE),MATCH(BE$3,职业模板!$C$3:$J$3,FALSE))*$F12*U12,"")} -> 27 | BF12: {=IFERROR(INDEX(属性分配!$C$11:$J$11,MATCH(BF$3,属性分配!$C$3:$J$3,FALSE))/职业模板!$E$16*AX12,"")} -> 12.7575 | BG12: {=IFERROR(INDEX(属性分配!$C$11:$J$11,MATCH(BG$3,属性分配!$C$3:$J$3,FALSE))/职业模板!$E$16*AY12,"")} -> 1.26 | BH12: {=IFERROR(INDEX(属性分配!$C$11:$J$11,MATCH(BH$3,属性分配!$C$3:$J$3,FALSE))/职业模板!$E$16*AZ12,"")} -> 1.06875 | BI12: {=IFERROR(INDEX(属性分配!$C$11:$J$11,MATCH(BI$3,属性分配!$C$3:$J$3,FALSE))/职业模板!$E$16*BA12,"")} -> 1.26 | BJ12: {=IFERROR(INDEX(属性分配!$C$11:$J$11,MATCH(BJ$3,属性分配!$C$3:$J$3,FALSE))/职业模板!$E$16*BB12,"")} -> 0.76 | BK12: {=IFERROR(INDEX(属性分配!$C$11:$J$11,MATCH(BK$3,属性分配!$C$3:$J$3,FALSE))/职业模板!$E$16*BC12,"")} -> 0.066 | BL12: {=IFERROR(INDEX(属性分配!$C$11:$J$11,MATCH(BL$3,属性分配!$C$3:$J$3,FALSE))/职业模板!$E$16*BD12,"")} -> 0.186 | BM12: {=IFERROR(INDEX(属性分配!$C$11:$J$11,MATCH(BM$3,属性分配!$C$3:$J$3,FALSE))/职业模板!$E$16*BE12,"")} -> 0.27 | BN12: {=IFERROR(ROUND((AX12+BF12*职业模板!$E$16)*(1+INDEX(职业模板!$C$29:$J$34,MATCH($K12,职业模板!$B$29:$B$34,FALSE),MATCH(V$3,职业模板!$C$28:$J$28,FALSE))+INDEX(职业模板!$C$40:$J$60,MATCH($L12,职业模板!$B$40:$B$60,FALSE),MATCH(V$3,职业模板!$C$39:$J$39,FALSE))),2),"")} -> 2381.4 | BO12: {=IFERROR(ROUND((AY12+BG12*职业模板!$E$16)*(1+INDEX(职业模板!$C$29:$J$34,MATCH($K12,职业模板!$B$29:$B$34,FALSE),MATCH(W$3,职业模板!$C$28:$J$28,FALSE))+INDEX(职业模板!$C$40:$J$60,MATCH($L12,职业模板!$B$40:$B$60,FALSE),MATCH(W$3,职业模板!$C$39:$J$39,FALSE))),2),"")} -> 201.6 | BP12: {=IFERROR(ROUND((AZ12+BH12*职业模板!$E$16)*(1+INDEX(职业模板!$C$29:$J$34,MATCH($K12,职业模板!$B$29:$B$34,FALSE),MATCH(X$3,职业模板!$C$28:$J$28,FALSE))+INDEX(职业模板!$C$40:$J$60,MATCH($L12,职业模板!$B$40:$B$60,FALSE),MATCH(X$3,职业模板!$C$39:$J$39,FALSE))),2),"")} -> 171 | BQ12: {=IFERROR(ROUND((BA12+BI12*职业模板!$E$16)*(1+INDEX(职业模板!$C$29:$J$34,MATCH($K12,职业模板!$B$29:$B$34,FALSE),MATCH(Y$3,职业模板!$C$28:$J$28,FALSE))+INDEX(职业模板!$C$40:$J$60,MATCH($L12,职业模板!$B$40:$B$60,FALSE),MATCH(Y$3,职业模板!$C$39:$J$39,FALSE))),2),"")} -> 226.8 | BR12: {=IFERROR(ROUND((BB12+BJ12*职业模板!$E$16)*(1+INDEX(职业模板!$C$29:$J$34,MATCH($K12,职业模板!$B$29:$B$34,FALSE),MATCH(Z$3,职业模板!$C$28:$J$28,FALSE))+INDEX(职业模板!$C$40:$J$60,MATCH($L12,职业模板!$B$40:$B$60,FALSE),MATCH(Z$3,职业模板!$C$39:$J$39,FALSE))),2),"")} -> 136.8 | BS12: {=IFERROR(ROUND((BC12+BK12*职业模板!$E$16)*(1+INDEX(职业模板!$C$29:$J$34,MATCH($K12,职业模板!$B$29:$B$34,FALSE),MATCH(AA$3,职业模板!$C$28:$J$28,FALSE))+INDEX(职业模板!$C$40:$J$60,MATCH($L12,职业模板!$B$40:$B$60,FALSE),MATCH(AA$3,职业模板!$C$39:$J$39,FALSE))),2),"")} -> 15.18 | BT12: {=IFERROR(ROUND((BD12+BL12*职业模板!$E$16)*(1+INDEX(职业模板!$C$29:$J$34,MATCH($K12,职业模板!$B$29:$B$34,FALSE),MATCH(AB$3,职业模板!$C$28:$J$28,FALSE))+INDEX(职业模板!$C$40:$J$60,MATCH($L12,职业模板!$B$40:$B$60,FALSE),MATCH(AB$3,职业模板!$C$39:$J$39,FALSE))),2),"")} -> 42.78 | BU12: {=IFERROR(ROUND((BE12+BM12*职业模板!$E$16)*(1+INDEX(职业模板!$C$29:$J$34,MATCH($K12,职业模板!$B$29:$B$34,FALSE),MATCH(AC$3,职业模板!$C$28:$J$28,FALSE))+INDEX(职业模板!$C$40:$J$60,MATCH($L12,职业模板!$B$40:$B$60,FALSE),MATCH(AC$3,职业模板!$C$39:$J$39,FALSE))),2),"")} -> 62.1 | BV12: {=IF(SUMPRODUCT($BN12:$BR12,属性分配!$C$7:$G$7)=0,"",SUMPRODUCT($BN12:$BR12,属性分配!$C$7:$G$7))} -> 3408.3 | BW12: {=IFERROR((AX12+BF12*职业模板!$E$16)*(1+INDEX(职业模板!$C$34:$J$34,MATCH(V$3,职业模板!$C$28:$J$28,FALSE))+INDEX(职业模板!$C$60:$J$60,MATCH(V$3,职业模板!$C$39:$J$39,FALSE))),"")} -> 10206 | BX12: {=IFERROR((AY12+BG12*职业模板!$E$16)*(1+INDEX(职业模板!$C$34:$J$34,MATCH(W$3,职业模板!$C$28:$J$28,FALSE))+INDEX(职业模板!$C$60:$J$60,MATCH(W$3,职业模板!$C$39:$J$39,FALSE))),"")} -> 840 | BY12: {=IFERROR((AZ12+BH12*职业模板!$E$16)*(1+INDEX(职业模板!$C$34:$J$34,MATCH(X$3,职业模板!$C$28:$J$28,FALSE))+INDEX(职业模板!$C$60:$J$60,MATCH(X$3,职业模板!$C$39:$J$39,FALSE))),"")} -> 712.5 | BZ12: {=IFERROR((BA12+BI12*职业模板!$E$16)*(1+INDEX(职业模板!$C$34:$J$34,MATCH(Y$3,职业模板!$C$28:$J$28,FALSE))+INDEX(职业模板!$C$60:$J$60,MATCH(Y$3,职业模板!$C$39:$J$39,FALSE))),"")} -> 756 | CA12: {=IFERROR((BB12+BJ12*职业模板!$E$16)*(1+INDEX(职业模板!$C$34:$J$34,MATCH(Z$3,职业模板!$C$28:$J$28,FALSE))+INDEX(职业模板!$C$60:$J$60,MATCH(Z$3,职业模板!$C$39:$J$39,FALSE))),"")} -> 456 | CB12: {=IFERROR((BC12+BK12*职业模板!$E$16)*(1+INDEX(职业模板!$C$34:$J$34,MATCH(AA$3,职业模板!$C$28:$J$28,FALSE))+INDEX(职业模板!$C$60:$J$60,MATCH(AA$3,职业模板!$C$39:$J$39,FALSE))),"")} -> 23.1 | CC12: {=IFERROR((BD12+BL12*职业模板!$E$16)*(1+INDEX(职业模板!$C$34:$J$34,MATCH(AB$3,职业模板!$C$28:$J$28,FALSE))+INDEX(职业模板!$C$60:$J$60,MATCH(AB$3,职业模板!$C$39:$J$39,FALSE))),"")} -> 65.1 | CD12: {=IFERROR((BE12+BM12*职业模板!$E$16)*(1+INDEX(职业模板!$C$34:$J$34,MATCH(AC$3,职业模板!$C$28:$J$28,FALSE))+INDEX(职业模板!$C$60:$J$60,MATCH(AC$3,职业模板!$C$39:$J$39,FALSE))),"")} -> 94.5 | CE12: {=IF(SUMPRODUCT(BW12:CA12,属性分配!$C$7:$G$7)=0,"",SUMPRODUCT(BW12:CA12,属性分配!$C$7:$G$7))} -> 13737
A13: 15001 | B13: 乔峰 | C13: 战士 | D13: 5 | E13: 10 | F13: 1 | G13: 20 | H13: 5 | I13: 1 | J13: 1 | K13: 1 | L13: 5 | M13: 0 | N13: 1.02 | O13: 1.1 | P13: 1.1 | Q13: 1.02 | R13: 0.98 | S13: 1 | T13: 1 | U13: 1 | V13: {=ROUND((AX13+BF13*$J13+INDEX(职业模板!$C$40:$J$60,MATCH($L13,职业模板!$B$40:$B$60,FALSE),MATCH(V$3,职业模板!$C$39:$J$39,FALSE))*AX13)*(1+INDEX(职业模板!$C$29:$J$34,MATCH($K13,职业模板!$B$29:$B$34,FALSE),MATCH(V$3,职业模板!$C$28:$J$28,FALSE))),2)} -> 638.74 | W13: {=ROUND((AY13+BG13*$J13+INDEX(职业模板!$C$40:$J$60,MATCH($L13,职业模板!$B$40:$B$60,FALSE),MATCH(W$3,职业模板!$C$39:$J$39,FALSE))*AY13)*(1+INDEX(职业模板!$C$29:$J$34,MATCH($K13,职业模板!$B$29:$B$34,FALSE),MATCH(W$3,职业模板!$C$28:$J$28,FALSE))),2)} -> 103.09 | X13: {=ROUND((AZ13+BH13*$J13+INDEX(职业模板!$C$40:$J$60,MATCH($L13,职业模板!$B$40:$B$60,FALSE),MATCH(X$3,职业模板!$C$39:$J$39,FALSE))*AZ13)*(1+INDEX(职业模板!$C$29:$J$34,MATCH($K13,职业模板!$B$29:$B$34,FALSE),MATCH(X$3,职业模板!$C$28:$J$28,FALSE))),2)} -> 74.98 | Y13: {=ROUND((BA13+BI13*$J13+INDEX(职业模板!$C$40:$J$60,MATCH($L13,职业模板!$B$40:$B$60,FALSE),MATCH(Y$3,职业模板!$C$39:$J$39,FALSE))*BA13)*(1+INDEX(职业模板!$C$29:$J$34,MATCH($K13,职业模板!$B$29:$B$34,FALSE),MATCH(Y$3,职业模板!$C$28:$J$28,FALSE))),2)} -> 78.34 | Z13: {=ROUND((BB13+BJ13*$J13+INDEX(职业模板!$C$40:$J$60,MATCH($L13,职业模板!$B$40:$B$60,FALSE),MATCH(Z$3,职业模板!$C$39:$J$39,FALSE))*BB13)*(1+INDEX(职业模板!$C$29:$J$34,MATCH($K13,职业模板!$B$29:$B$34,FALSE),MATCH(Z$3,职业模板!$C$28:$J$28,FALSE))),2)} -> 71.5 | AA13: {=ROUND((BC13+BK13*$J13+INDEX(职业模板!$C$40:$J$60,MATCH($L13,职业模板!$B$40:$B$60,FALSE),MATCH(AA$3,职业模板!$C$39:$J$39,FALSE))*BC13)*(1+INDEX(职业模板!$C$29:$J$34,MATCH($K13,职业模板!$B$29:$B$34,FALSE),MATCH(AA$3,职业模板!$C$28:$J$28,FALSE))),2)} -> 81.31 | AB13: {=ROUND((BD13+BL13*$J13+INDEX(职业模板!$C$40:$J$60,MATCH($L13,职业模板!$B$40:$B$60,FALSE),MATCH(AB$3,职业模板!$C$39:$J$39,FALSE))*BD13)*(1+INDEX(职业模板!$C$29:$J$34,MATCH($K13,职业模板!$B$29:$B$34,FALSE),MATCH(AB$3,职业模板!$C$28:$J$28,FALSE))),2)} -> 58.08 | AC13: {=ROUND((BE13+BM13*$J13+INDEX(职业模板!$C$40:$J$60,MATCH($L13,职业模板!$B$40:$B$60,FALSE),MATCH(AC$3,职业模板!$C$39:$J$39,FALSE))*BE13)*(1+INDEX(职业模板!$C$29:$J$34,MATCH($K13,职业模板!$B$29:$B$34,FALSE),MATCH(AC$3,职业模板!$C$28:$J$28,FALSE))),2)} -> 69.69 | AD13: 1.5 | AE13: 2 | AX13: {=IFERROR(INDEX(属性分配!$C$4:$J$4,MATCH(AX$3,属性分配!$C$3:$J$3,FALSE))*INDEX(职业模板!$C$5:$J$12,MATCH($C13,职业模板!$B$5:$B$12,FALSE),MATCH(AX$3,职业模板!$C$3:$J$3,FALSE))*$F13*N13,"")} -> 321.3 | AY13: {=IFERROR(INDEX(属性分配!$C$4:$J$4,MATCH(AY$3,属性分配!$C$3:$J$3,FALSE))*INDEX(职业模板!$C$5:$J$12,MATCH($C13,职业模板!$B$5:$B$12,FALSE),MATCH(AY$3,职业模板!$C$3:$J$3,FALSE))*$F13*O13,"")} -> 60.5 | AZ13: {=IFERROR(INDEX(属性分配!$C$4:$J$4,MATCH(AZ$3,属性分配!$C$3:$J$3,FALSE))*INDEX(职业模板!$C$5:$J$12,MATCH($C13,职业模板!$B$5:$B$12,FALSE),MATCH(AZ$3,职业模板!$C$3:$J$3,FALSE))*$F13*P13,"")} -> 44 | BA13: {=IFERROR(INDEX(属性分配!$C$4:$J$4,MATCH(BA$3,属性分配!$C$3:$J$3,FALSE))*INDEX(职业模板!$C$5:$J$12,MATCH($C13,职业模板!$B$5:$B$12,FALSE),MATCH(BA$3,职业模板!$C$3:$J$3,FALSE))*$F13*Q13,"")} -> 51 | BB13: {=IFERROR(INDEX(属性分配!$C$4:$J$4,MATCH(BB$3,属性分配!$C$3:$J$3,FALSE))*INDEX(职业模板!$C$5:$J$12,MATCH($C13,职业模板!$B$5:$B$12,FALSE),MATCH(BB$3,职业模板!$C$3:$J$3,FALSE))*$F13*R13,"")} -> 46.55 | BC13: {=IFERROR(INDEX(属性分配!$C$4:$J$4,MATCH(BC$3,属性分配!$C$3:$J$3,FALSE))*INDEX(职业模板!$C$5:$J$12,MATCH($C13,职业模板!$B$5:$B$12,FALSE),MATCH(BC$3,职业模板!$C$3:$J$3,FALSE))*$F13*S13,"")} -> 70 | BD13: {=IFERROR(INDEX(属性分配!$C$4:$J$4,MATCH(BD$3,属性分配!$C$3:$J$3,FALSE))*INDEX(职业模板!$C$5:$J$12,MATCH($C13,职业模板!$B$5:$B$12,FALSE),MATCH(BD$3,职业模板!$C$3:$J$3,FALSE))*$F13*T13,"")} -> 50 | BE13: {=IFERROR(INDEX(属性分配!$C$4:$J$4,MATCH(BE$3,属性分配!$C$3:$J$3,FALSE))*INDEX(职业模板!$C$5:$J$12,MATCH($C13,职业模板!$B$5:$B$12,FALSE),MATCH(BE$3,职业模板!$C$3:$J$3,FALSE))*$F13*U13,"")} -> 60 | BF13: {=IFERROR(INDEX(属性分配!$C$11:$J$11,MATCH(BF$3,属性分配!$C$3:$J$3,FALSE))/职业模板!$E$16*AX13,"")} -> 9.639 | BG13: {=IFERROR(INDEX(属性分配!$C$11:$J$11,MATCH(BG$3,属性分配!$C$3:$J$3,FALSE))/职业模板!$E$16*AY13,"")} -> 1.815 | BH13: {=IFERROR(INDEX(属性分配!$C$11:$J$11,MATCH(BH$3,属性分配!$C$3:$J$3,FALSE))/职业模板!$E$16*AZ13,"")} -> 1.32 | BI13: {=IFERROR(INDEX(属性分配!$C$11:$J$11,MATCH(BI$3,属性分配!$C$3:$J$3,FALSE))/职业模板!$E$16*BA13,"")} -> 1.02 | BJ13: {=IFERROR(INDEX(属性分配!$C$11:$J$11,MATCH(BJ$3,属性分配!$C$3:$J$3,FALSE))/职业模板!$E$16*BB13,"")} -> 0.931 | BK13: {=IFERROR(INDEX(属性分配!$C$11:$J$11,MATCH(BK$3,属性分配!$C$3:$J$3,FALSE))/职业模板!$E$16*BC13,"")} -> 0.7 | BL13: {=IFERROR(INDEX(属性分配!$C$11:$J$11,MATCH(BL$3,属性分配!$C$3:$J$3,FALSE))/职业模板!$E$16*BD13,"")} -> 0.5 | BM13: {=IFERROR(INDEX(属性分配!$C$11:$J$11,MATCH(BM$3,属性分配!$C$3:$J$3,FALSE))/职业模板!$E$16*BE13,"")} -> 0.6 | BN13: {=IFERROR(ROUND((AX13+BF13*职业模板!$E$16)*(1+INDEX(职业模板!$C$29:$J$34,MATCH($K13,职业模板!$B$29:$B$34,FALSE),MATCH(V$3,职业模板!$C$28:$J$28,FALSE))+INDEX(职业模板!$C$40:$J$60,MATCH($L13,职业模板!$B$40:$B$60,FALSE),MATCH(V$3,职业模板!$C$39:$J$39,FALSE))),2),"")} -> 2300.51 | BO13: {=IFERROR(ROUND((AY13+BG13*职业模板!$E$16)*(1+INDEX(职业模板!$C$29:$J$34,MATCH($K13,职业模板!$B$29:$B$34,FALSE),MATCH(W$3,职业模板!$C$28:$J$28,FALSE))+INDEX(职业模板!$C$40:$J$60,MATCH($L13,职业模板!$B$40:$B$60,FALSE),MATCH(W$3,职业模板!$C$39:$J$39,FALSE))),2),"")} -> 384.78 | BP13: {=IFERROR(ROUND((AZ13+BH13*职业模板!$E$16)*(1+INDEX(职业模板!$C$29:$J$34,MATCH($K13,职业模板!$B$29:$B$34,FALSE),MATCH(X$3,职业模板!$C$28:$J$28,FALSE))+INDEX(职业模板!$C$40:$J$60,MATCH($L13,职业模板!$B$40:$B$60,FALSE),MATCH(X$3,职业模板!$C$39:$J$39,FALSE))),2),"")} -> 279.84 | BQ13: {=IFERROR(ROUND((BA13+BI13*职业模板!$E$16)*(1+INDEX(职业模板!$C$29:$J$34,MATCH($K13,职业模板!$B$29:$B$34,FALSE),MATCH(Y$3,职业模板!$C$28:$J$28,FALSE))+INDEX(职业模板!$C$40:$J$60,MATCH($L13,职业模板!$B$40:$B$60,FALSE),MATCH(Y$3,职业模板!$C$39:$J$39,FALSE))),2),"")} -> 223.38 | BR13: {=IFERROR(ROUND((BB13+BJ13*职业模板!$E$16)*(1+INDEX(职业模板!$C$29:$J$34,MATCH($K13,职业模板!$B$29:$B$34,FALSE),MATCH(Z$3,职业模板!$C$28:$J$28,FALSE))+INDEX(职业模板!$C$40:$J$60,MATCH($L13,职业模板!$B$40:$B$60,FALSE),MATCH(Z$3,职业模板!$C$39:$J$39,FALSE))),2),"")} -> 203.89 | BS13: {=IFERROR(ROUND((BC13+BK13*职业模板!$E$16)*(1+INDEX(职业模板!$C$29:$J$34,MATCH($K13,职业模板!$B$29:$B$34,FALSE),MATCH(AA$3,职业模板!$C$28:$J$28,FALSE))+INDEX(职业模板!$C$40:$J$60,MATCH($L13,职业模板!$B$40:$B$60,FALSE),MATCH(AA$3,职业模板!$C$39:$J$39,FALSE))),2),"")} -> 161 | BT13: {=IFERROR(ROUND((BD13+BL13*职业模板!$E$16)*(1+INDEX(职业模板!$C$29:$J$34,MATCH($K13,职业模板!$B$29:$B$34,FALSE),MATCH(AB$3,职业模板!$C$28:$J$28,FALSE))+INDEX(职业模板!$C$40:$J$60,MATCH($L13,职业模板!$B$40:$B$60,FALSE),MATCH(AB$3,职业模板!$C$39:$J$39,FALSE))),2),"")} -> 115 | BU13: {=IFERROR(ROUND((BE13+BM13*职业模板!$E$16)*(1+INDEX(职业模板!$C$29:$J$34,MATCH($K13,职业模板!$B$29:$B$34,FALSE),MATCH(AC$3,职业模板!$C$28:$J$28,FALSE))+INDEX(职业模板!$C$40:$J$60,MATCH($L13,职业模板!$B$40:$B$60,FALSE),MATCH(AC$3,职业模板!$C$39:$J$39,FALSE))),2),"")} -> 138 | BV13: {=IF(SUMPRODUCT($BN13:$BR13,属性分配!$C$7:$G$7)=0,"",SUMPRODUCT($BN13:$BR13,属性分配!$C$7:$G$7))} -> 4663.275 | BW13: {=IFERROR((AX13+BF13*职业模板!$E$16)*(1+INDEX(职业模板!$C$34:$J$34,MATCH(V$3,职业模板!$C$28:$J$28,FALSE))+INDEX(职业模板!$C$60:$J$60,MATCH(V$3,职业模板!$C$39:$J$39,FALSE))),"")} -> 7711.2 | BX13: {=IFERROR((AY13+BG13*职业模板!$E$16)*(1+INDEX(职业模板!$C$34:$J$34,MATCH(W$3,职业模板!$C$28:$J$28,FALSE))+INDEX(职业模板!$C$60:$J$60,MATCH(W$3,职业模板!$C$39:$J$39,FALSE))),"")} -> 1210 | BY13: {=IFERROR((AZ13+BH13*职业模板!$E$16)*(1+INDEX(职业模板!$C$34:$J$34,MATCH(X$3,职业模板!$C$28:$J$28,FALSE))+INDEX(职业模板!$C$60:$J$60,MATCH(X$3,职业模板!$C$39:$J$39,FALSE))),"")} -> 880 | BZ13: {=IFERROR((BA13+BI13*职业模板!$E$16)*(1+INDEX(职业模板!$C$34:$J$34,MATCH(Y$3,职业模板!$C$28:$J$28,FALSE))+INDEX(职业模板!$C$60:$J$60,MATCH(Y$3,职业模板!$C$39:$J$39,FALSE))),"")} -> 612 | CA13: {=IFERROR((BB13+BJ13*职业模板!$E$16)*(1+INDEX(职业模板!$C$34:$J$34,MATCH(Z$3,职业模板!$C$28:$J$28,FALSE))+INDEX(职业模板!$C$60:$J$60,MATCH(Z$3,职业模板!$C$39:$J$39,FALSE))),"")} -> 558.6 | CB13: {=IFERROR((BC13+BK13*职业模板!$E$16)*(1+INDEX(职业模板!$C$34:$J$34,MATCH(AA$3,职业模板!$C$28:$J$28,FALSE))+INDEX(职业模板!$C$60:$J$60,MATCH(AA$3,职业模板!$C$39:$J$39,FALSE))),"")} -> 245 | CC13: {=IFERROR((BD13+BL13*职业模板!$E$16)*(1+INDEX(职业模板!$C$34:$J$34,MATCH(AB$3,职业模板!$C$28:$J$28,FALSE))+INDEX(职业模板!$C$60:$J$60,MATCH(AB$3,职业模板!$C$39:$J$39,FALSE))),"")} -> 175 | CD13: {=IFERROR((BE13+BM13*职业模板!$E$16)*(1+INDEX(职业模板!$C$34:$J$34,MATCH(AC$3,职业模板!$C$28:$J$28,FALSE))+INDEX(职业模板!$C$60:$J$60,MATCH(AC$3,职业模板!$C$39:$J$39,FALSE))),"")} -> 210 | CE13: {=IF(SUMPRODUCT(BW13:CA13,属性分配!$C$7:$G$7)=0,"",SUMPRODUCT(BW13:CA13,属性分配!$C$7:$G$7))} -> 14556.8
AX14: {=IFERROR(INDEX(属性分配!$C$4:$J$4,MATCH(AX$3,属性分配!$C$3:$J$3,FALSE))*INDEX(职业模板!$C$5:$J$12,MATCH($C14,职业模板!$B$5:$B$12,FALSE),MATCH(AX$3,职业模板!$C$3:$J$3,FALSE))*$F14*N14,"")} | AY14: {=IFERROR(INDEX(属性分配!$C$4:$J$4,MATCH(AY$3,属性分配!$C$3:$J$3,FALSE))*INDEX(职业模板!$C$5:$J$12,MATCH($C14,职业模板!$B$5:$B$12,FALSE),MATCH(AY$3,职业模板!$C$3:$J$3,FALSE))*$F14*O14,"")} | AZ14: {=IFERROR(INDEX(属性分配!$C$4:$J$4,MATCH(AZ$3,属性分配!$C$3:$J$3,FALSE))*INDEX(职业模板!$C$5:$J$12,MATCH($C14,职业模板!$B$5:$B$12,FALSE),MATCH(AZ$3,职业模板!$C$3:$J$3,FALSE))*$F14*P14,"")} | BA14: {=IFERROR(INDEX(属性分配!$C$4:$J$4,MATCH(BA$3,属性分配!$C$3:$J$3,FALSE))*INDEX(职业模板!$C$5:$J$12,MATCH($C14,职业模板!$B$5:$B$12,FALSE),MATCH(BA$3,职业模板!$C$3:$J$3,FALSE))*$F14*Q14,"")} | BB14: {=IFERROR(INDEX(属性分配!$C$4:$J$4,MATCH(BB$3,属性分配!$C$3:$J$3,FALSE))*INDEX(职业模板!$C$5:$J$12,MATCH($C14,职业模板!$B$5:$B$12,FALSE),MATCH(BB$3,职业模板!$C$3:$J$3,FALSE))*$F14*R14,"")} | BC14: {=IFERROR(INDEX(属性分配!$C$4:$J$4,MATCH(BC$3,属性分配!$C$3:$J$3,FALSE))*INDEX(职业模板!$C$5:$J$12,MATCH($C14,职业模板!$B$5:$B$12,FALSE),MATCH(BC$3,职业模板!$C$3:$J$3,FALSE))*$F14*S14,"")} | BD14: {=IFERROR(INDEX(属性分配!$C$4:$J$4,MATCH(BD$3,属性分配!$C$3:$J$3,FALSE))*INDEX(职业模板!$C$5:$J$12,MATCH($C14,职业模板!$B$5:$B$12,FALSE),MATCH(BD$3,职业模板!$C$3:$J$3,FALSE))*$F14*T14,"")} | BE14: {=IFERROR(INDEX(属性分配!$C$4:$J$4,MATCH(BE$3,属性分配!$C$3:$J$3,FALSE))*INDEX(职业模板!$C$5:$J$12,MATCH($C14,职业模板!$B$5:$B$12,FALSE),MATCH(BE$3,职业模板!$C$3:$J$3,FALSE))*$F14*U14,"")} | BF14: {=IFERROR(INDEX(属性分配!$C$11:$J$11,MATCH(BF$3,属性分配!$C$3:$J$3,FALSE))/职业模板!$E$16*AX14,"")} | BG14: {=IFERROR(INDEX(属性分配!$C$11:$J$11,MATCH(BG$3,属性分配!$C$3:$J$3,FALSE))/职业模板!$E$16*AY14,"")} | BH14: {=IFERROR(INDEX(属性分配!$C$11:$J$11,MATCH(BH$3,属性分配!$C$3:$J$3,FALSE))/职业模板!$E$16*AZ14,"")} | BI14: {=IFERROR(INDEX(属性分配!$C$11:$J$11,MATCH(BI$3,属性分配!$C$3:$J$3,FALSE))/职业模板!$E$16*BA14,"")} | BJ14: {=IFERROR(INDEX(属性分配!$C$11:$J$11,MATCH(BJ$3,属性分配!$C$3:$J$3,FALSE))/职业模板!$E$16*BB14,"")} | BK14: {=IFERROR(INDEX(属性分配!$C$11:$J$11,MATCH(BK$3,属性分配!$C$3:$J$3,FALSE))/职业模板!$E$16*BC14,"")} | BL14: {=IFERROR(INDEX(属性分配!$C$11:$J$11,MATCH(BL$3,属性分配!$C$3:$J$3,FALSE))/职业模板!$E$16*BD14,"")} | BM14: {=IFERROR(INDEX(属性分配!$C$11:$J$11,MATCH(BM$3,属性分配!$C$3:$J$3,FALSE))/职业模板!$E$16*BE14,"")} | BN14: {=IFERROR(ROUND((AX14+BF14*职业模板!$E$16)*(1+INDEX(职业模板!$C$29:$J$34,MATCH($K14,职业模板!$B$29:$B$34,FALSE),MATCH(V$3,职业模板!$C$28:$J$28,FALSE))+INDEX(职业模板!$C$40:$J$60,MATCH($L14,职业模板!$B$40:$B$60,FALSE),MATCH(V$3,职业模板!$C$39:$J$39,FALSE))),2),"")} | BO14: {=IFERROR(ROUND((AY14+BG14*职业模板!$E$16)*(1+INDEX(职业模板!$C$29:$J$34,MATCH($K14,职业模板!$B$29:$B$34,FALSE),MATCH(W$3,职业模板!$C$28:$J$28,FALSE))+INDEX(职业模板!$C$40:$J$60,MATCH($L14,职业模板!$B$40:$B$60,FALSE),MATCH(W$3,职业模板!$C$39:$J$39,FALSE))),2),"")} | BP14: {=IFERROR(ROUND((AZ14+BH14*职业模板!$E$16)*(1+INDEX(职业模板!$C$29:$J$34,MATCH($K14,职业模板!$B$29:$B$34,FALSE),MATCH(X$3,职业模板!$C$28:$J$28,FALSE))+INDEX(职业模板!$C$40:$J$60,MATCH($L14,职业模板!$B$40:$B$60,FALSE),MATCH(X$3,职业模板!$C$39:$J$39,FALSE))),2),"")} | BQ14: {=IFERROR(ROUND((BA14+BI14*职业模板!$E$16)*(1+INDEX(职业模板!$C$29:$J$34,MATCH($K14,职业模板!$B$29:$B$34,FALSE),MATCH(Y$3,职业模板!$C$28:$J$28,FALSE))+INDEX(职业模板!$C$40:$J$60,MATCH($L14,职业模板!$B$40:$B$60,FALSE),MATCH(Y$3,职业模板!$C$39:$J$39,FALSE))),2),"")} | BR14: {=IFERROR(ROUND((BB14+BJ14*职业模板!$E$16)*(1+INDEX(职业模板!$C$29:$J$34,MATCH($K14,职业模板!$B$29:$B$34,FALSE),MATCH(Z$3,职业模板!$C$28:$J$28,FALSE))+INDEX(职业模板!$C$40:$J$60,MATCH($L14,职业模板!$B$40:$B$60,FALSE),MATCH(Z$3,职业模板!$C$39:$J$39,FALSE))),2),"")} | BS14: {=IFERROR(ROUND((BC14+BK14*职业模板!$E$16)*(1+INDEX(职业模板!$C$29:$J$34,MATCH($K14,职业模板!$B$29:$B$34,FALSE),MATCH(AA$3,职业模板!$C$28:$J$28,FALSE))+INDEX(职业模板!$C$40:$J$60,MATCH($L14,职业模板!$B$40:$B$60,FALSE),MATCH(AA$3,职业模板!$C$39:$J$39,FALSE))),2),"")} | BT14: {=IFERROR(ROUND((BD14+BL14*职业模板!$E$16)*(1+INDEX(职业模板!$C$29:$J$34,MATCH($K14,职业模板!$B$29:$B$34,FALSE),MATCH(AB$3,职业模板!$C$28:$J$28,FALSE))+INDEX(职业模板!$C$40:$J$60,MATCH($L14,职业模板!$B$40:$B$60,FALSE),MATCH(AB$3,职业模板!$C$39:$J$39,FALSE))),2),"")} | BU14: {=IFERROR(ROUND((BE14+BM14*职业模板!$E$16)*(1+INDEX(职业模板!$C$29:$J$34,MATCH($K14,职业模板!$B$29:$B$34,FALSE),MATCH(AC$3,职业模板!$C$28:$J$28,FALSE))+INDEX(职业模板!$C$40:$J$60,MATCH($L14,职业模板!$B$40:$B$60,FALSE),MATCH(AC$3,职业模板!$C$39:$J$39,FALSE))),2),"")} | BV14: {=IF(SUMPRODUCT($BN14:$BR14,属性分配!$C$7:$G$7)=0,"",SUMPRODUCT($BN14:$BR14,属性分配!$C$7:$G$7))} | BW14: {=IFERROR((AX14+BF14*职业模板!$E$16)*(1+INDEX(职业模板!$C$34:$J$34,MATCH(V$3,职业模板!$C$28:$J$28,FALSE))+INDEX(职业模板!$C$60:$J$60,MATCH(V$3,职业模板!$C$39:$J$39,FALSE))),"")} | BX14: {=IFERROR((AY14+BG14*职业模板!$E$16)*(1+INDEX(职业模板!$C$34:$J$34,MATCH(W$3,职业模板!$C$28:$J$28,FALSE))+INDEX(职业模板!$C$60:$J$60,MATCH(W$3,职业模板!$C$39:$J$39,FALSE))),"")} | BY14: {=IFERROR((AZ14+BH14*职业模板!$E$16)*(1+INDEX(职业模板!$C$34:$J$34,MATCH(X$3,职业模板!$C$28:$J$28,FALSE))+INDEX(职业模板!$C$60:$J$60,MATCH(X$3,职业模板!$C$39:$J$39,FALSE))),"")} | BZ14: {=IFERROR((BA14+BI14*职业模板!$E$16)*(1+INDEX(职业模板!$C$34:$J$34,MATCH(Y$3,职业模板!$C$28:$J$28,FALSE))+INDEX(职业模板!$C$60:$J$60,MATCH(Y$3,职业模板!$C$39:$J$39,FALSE))),"")} | CA14: {=IFERROR((BB14+BJ14*职业模板!$E$16)*(1+INDEX(职业模板!$C$34:$J$34,MATCH(Z$3,职业模板!$C$28:$J$28,FALSE))+INDEX(职业模板!$C$60:$J$60,MATCH(Z$3,职业模板!$C$39:$J$39,FALSE))),"")} | CB14: {=IFERROR((BC14+BK14*职业模板!$E$16)*(1+INDEX(职业模板!$C$34:$J$34,MATCH(AA$3,职业模板!$C$28:$J$28,FALSE))+INDEX(职业模板!$C$60:$J$60,MATCH(AA$3,职业模板!$C$39:$J$39,FALSE))),"")} | CC14: {=IFERROR((BD14+BL14*职业模板!$E$16)*(1+INDEX(职业模板!$C$34:$J$34,MATCH(AB$3,职业模板!$C$28:$J$28,FALSE))+INDEX(职业模板!$C$60:$J$60,MATCH(AB$3,职业模板!$C$39:$J$39,FALSE))),"")} | CD14: {=IFERROR((BE14+BM14*职业模板!$E$16)*(1+INDEX(职业模板!$C$34:$J$34,MATCH(AC$3,职业模板!$C$28:$J$28,FALSE))+INDEX(职业模板!$C$60:$J$60,MATCH(AC$3,职业模板!$C$39:$J$39,FALSE))),"")} | CE14: {=IF(SUMPRODUCT(BW14:CA14,属性分配!$C$7:$G$7)=0,"",SUMPRODUCT(BW14:CA14,属性分配!$C$7:$G$7))}
AX15: {=IFERROR(INDEX(属性分配!$C$4:$J$4,MATCH(AX$3,属性分配!$C$3:$J$3,FALSE))*INDEX(职业模板!$C$5:$J$12,MATCH($C15,职业模板!$B$5:$B$12,FALSE),MATCH(AX$3,职业模板!$C$3:$J$3,FALSE))*$F15*N15,"")} | AY15: {=IFERROR(INDEX(属性分配!$C$4:$J$4,MATCH(AY$3,属性分配!$C$3:$J$3,FALSE))*INDEX(职业模板!$C$5:$J$12,MATCH($C15,职业模板!$B$5:$B$12,FALSE),MATCH(AY$3,职业模板!$C$3:$J$3,FALSE))*$F15*O15,"")} | AZ15: {=IFERROR(INDEX(属性分配!$C$4:$J$4,MATCH(AZ$3,属性分配!$C$3:$J$3,FALSE))*INDEX(职业模板!$C$5:$J$12,MATCH($C15,职业模板!$B$5:$B$12,FALSE),MATCH(AZ$3,职业模板!$C$3:$J$3,FALSE))*$F15*P15,"")} | BA15: {=IFERROR(INDEX(属性分配!$C$4:$J$4,MATCH(BA$3,属性分配!$C$3:$J$3,FALSE))*INDEX(职业模板!$C$5:$J$12,MATCH($C15,职业模板!$B$5:$B$12,FALSE),MATCH(BA$3,职业模板!$C$3:$J$3,FALSE))*$F15*Q15,"")} | BB15: {=IFERROR(INDEX(属性分配!$C$4:$J$4,MATCH(BB$3,属性分配!$C$3:$J$3,FALSE))*INDEX(职业模板!$C$5:$J$12,MATCH($C15,职业模板!$B$5:$B$12,FALSE),MATCH(BB$3,职业模板!$C$3:$J$3,FALSE))*$F15*R15,"")} | BC15: {=IFERROR(INDEX(属性分配!$C$4:$J$4,MATCH(BC$3,属性分配!$C$3:$J$3,FALSE))*INDEX(职业模板!$C$5:$J$12,MATCH($C15,职业模板!$B$5:$B$12,FALSE),MATCH(BC$3,职业模板!$C$3:$J$3,FALSE))*$F15*S15,"")} | BD15: {=IFERROR(INDEX(属性分配!$C$4:$J$4,MATCH(BD$3,属性分配!$C$3:$J$3,FALSE))*INDEX(职业模板!$C$5:$J$12,MATCH($C15,职业模板!$B$5:$B$12,FALSE),MATCH(BD$3,职业模板!$C$3:$J$3,FALSE))*$F15*T15,"")} | BE15: {=IFERROR(INDEX(属性分配!$C$4:$J$4,MATCH(BE$3,属性分配!$C$3:$J$3,FALSE))*INDEX(职业模板!$C$5:$J$12,MATCH($C15,职业模板!$B$5:$B$12,FALSE),MATCH(BE$3,职业模板!$C$3:$J$3,FALSE))*$F15*U15,"")} | BF15: {=IFERROR(INDEX(属性分配!$C$11:$J$11,MATCH(BF$3,属性分配!$C$3:$J$3,FALSE))/职业模板!$E$16*AX15,"")} | BG15: {=IFERROR(INDEX(属性分配!$C$11:$J$11,MATCH(BG$3,属性分配!$C$3:$J$3,FALSE))/职业模板!$E$16*AY15,"")} | BH15: {=IFERROR(INDEX(属性分配!$C$11:$J$11,MATCH(BH$3,属性分配!$C$3:$J$3,FALSE))/职业模板!$E$16*AZ15,"")} | BI15: {=IFERROR(INDEX(属性分配!$C$11:$J$11,MATCH(BI$3,属性分配!$C$3:$J$3,FALSE))/职业模板!$E$16*BA15,"")} | BJ15: {=IFERROR(INDEX(属性分配!$C$11:$J$11,MATCH(BJ$3,属性分配!$C$3:$J$3,FALSE))/职业模板!$E$16*BB15,"")} | BK15: {=IFERROR(INDEX(属性分配!$C$11:$J$11,MATCH(BK$3,属性分配!$C$3:$J$3,FALSE))/职业模板!$E$16*BC15,"")} | BL15: {=IFERROR(INDEX(属性分配!$C$11:$J$11,MATCH(BL$3,属性分配!$C$3:$J$3,FALSE))/职业模板!$E$16*BD15,"")} | BM15: {=IFERROR(INDEX(属性分配!$C$11:$J$11,MATCH(BM$3,属性分配!$C$3:$J$3,FALSE))/职业模板!$E$16*BE15,"")} | BN15: {=IFERROR(ROUND((AX15+BF15*职业模板!$E$16)*(1+INDEX(职业模板!$C$29:$J$34,MATCH($K15,职业模板!$B$29:$B$34,FALSE),MATCH(V$3,职业模板!$C$28:$J$28,FALSE))+INDEX(职业模板!$C$40:$J$60,MATCH($L15,职业模板!$B$40:$B$60,FALSE),MATCH(V$3,职业模板!$C$39:$J$39,FALSE))),2),"")} | BO15: {=IFERROR(ROUND((AY15+BG15*职业模板!$E$16)*(1+INDEX(职业模板!$C$29:$J$34,MATCH($K15,职业模板!$B$29:$B$34,FALSE),MATCH(W$3,职业模板!$C$28:$J$28,FALSE))+INDEX(职业模板!$C$40:$J$60,MATCH($L15,职业模板!$B$40:$B$60,FALSE),MATCH(W$3,职业模板!$C$39:$J$39,FALSE))),2),"")} | BP15: {=IFERROR(ROUND((AZ15+BH15*职业模板!$E$16)*(1+INDEX(职业模板!$C$29:$J$34,MATCH($K15,职业模板!$B$29:$B$34,FALSE),MATCH(X$3,职业模板!$C$28:$J$28,FALSE))+INDEX(职业模板!$C$40:$J$60,MATCH($L15,职业模板!$B$40:$B$60,FALSE),MATCH(X$3,职业模板!$C$39:$J$39,FALSE))),2),"")} | BQ15: {=IFERROR(ROUND((BA15+BI15*职业模板!$E$16)*(1+INDEX(职业模板!$C$29:$J$34,MATCH($K15,职业模板!$B$29:$B$34,FALSE),MATCH(Y$3,职业模板!$C$28:$J$28,FALSE))+INDEX(职业模板!$C$40:$J$60,MATCH($L15,职业模板!$B$40:$B$60,FALSE),MATCH(Y$3,职业模板!$C$39:$J$39,FALSE))),2),"")} | BR15: {=IFERROR(ROUND((BB15+BJ15*职业模板!$E$16)*(1+INDEX(职业模板!$C$29:$J$34,MATCH($K15,职业模板!$B$29:$B$34,FALSE),MATCH(Z$3,职业模板!$C$28:$J$28,FALSE))+INDEX(职业模板!$C$40:$J$60,MATCH($L15,职业模板!$B$40:$B$60,FALSE),MATCH(Z$3,职业模板!$C$39:$J$39,FALSE))),2),"")} | BS15: {=IFERROR(ROUND((BC15+BK15*职业模板!$E$16)*(1+INDEX(职业模板!$C$29:$J$34,MATCH($K15,职业模板!$B$29:$B$34,FALSE),MATCH(AA$3,职业模板!$C$28:$J$28,FALSE))+INDEX(职业模板!$C$40:$J$60,MATCH($L15,职业模板!$B$40:$B$60,FALSE),MATCH(AA$3,职业模板!$C$39:$J$39,FALSE))),2),"")} | BT15: {=IFERROR(ROUND((BD15+BL15*职业模板!$E$16)*(1+INDEX(职业模板!$C$29:$J$34,MATCH($K15,职业模板!$B$29:$B$34,FALSE),MATCH(AB$3,职业模板!$C$28:$J$28,FALSE))+INDEX(职业模板!$C$40:$J$60,MATCH($L15,职业模板!$B$40:$B$60,FALSE),MATCH(AB$3,职业模板!$C$39:$J$39,FALSE))),2),"")} | BU15: {=IFERROR(ROUND((BE15+BM15*职业模板!$E$16)*(1+INDEX(职业模板!$C$29:$J$34,MATCH($K15,职业模板!$B$29:$B$34,FALSE),MATCH(AC$3,职业模板!$C$28:$J$28,FALSE))+INDEX(职业模板!$C$40:$J$60,MATCH($L15,职业模板!$B$40:$B$60,FALSE),MATCH(AC$3,职业模板!$C$39:$J$39,FALSE))),2),"")} | BV15: {=IF(SUMPRODUCT($BN15:$BR15,属性分配!$C$7:$G$7)=0,"",SUMPRODUCT($BN15:$BR15,属性分配!$C$7:$G$7))} | BW15: {=IFERROR((AX15+BF15*职业模板!$E$16)*(1+INDEX(职业模板!$C$34:$J$34,MATCH(V$3,职业模板!$C$28:$J$28,FALSE))+INDEX(职业模板!$C$60:$J$60,MATCH(V$3,职业模板!$C$39:$J$39,FALSE))),"")} | BX15: {=IFERROR((AY15+BG15*职业模板!$E$16)*(1+INDEX(职业模板!$C$34:$J$34,MATCH(W$3,职业模板!$C$28:$J$28,FALSE))+INDEX(职业模板!$C$60:$J$60,MATCH(W$3,职业模板!$C$39:$J$39,FALSE))),"")} | BY15: {=IFERROR((AZ15+BH15*职业模板!$E$16)*(1+INDEX(职业模板!$C$34:$J$34,MATCH(X$3,职业模板!$C$28:$J$28,FALSE))+INDEX(职业模板!$C$60:$J$60,MATCH(X$3,职业模板!$C$39:$J$39,FALSE))),"")} | BZ15: {=IFERROR((BA15+BI15*职业模板!$E$16)*(1+INDEX(职业模板!$C$34:$J$34,MATCH(Y$3,职业模板!$C$28:$J$28,FALSE))+INDEX(职业模板!$C$60:$J$60,MATCH(Y$3,职业模板!$C$39:$J$39,FALSE))),"")} | CA15: {=IFERROR((BB15+BJ15*职业模板!$E$16)*(1+INDEX(职业模板!$C$34:$J$34,MATCH(Z$3,职业模板!$C$28:$J$28,FALSE))+INDEX(职业模板!$C$60:$J$60,MATCH(Z$3,职业模板!$C$39:$J$39,FALSE))),"")} | CB15: {=IFERROR((BC15+BK15*职业模板!$E$16)*(1+INDEX(职业模板!$C$34:$J$34,MATCH(AA$3,职业模板!$C$28:$J$28,FALSE))+INDEX(职业模板!$C$60:$J$60,MATCH(AA$3,职业模板!$C$39:$J$39,FALSE))),"")} | CC15: {=IFERROR((BD15+BL15*职业模板!$E$16)*(1+INDEX(职业模板!$C$34:$J$34,MATCH(AB$3,职业模板!$C$28:$J$28,FALSE))+INDEX(职业模板!$C$60:$J$60,MATCH(AB$3,职业模板!$C$39:$J$39,FALSE))),"")} | CD15: {=IFERROR((BE15+BM15*职业模板!$E$16)*(1+INDEX(职业模板!$C$34:$J$34,MATCH(AC$3,职业模板!$C$28:$J$28,FALSE))+INDEX(职业模板!$C$60:$J$60,MATCH(AC$3,职业模板!$C$39:$J$39,FALSE))),"")} | CE15: {=IF(SUMPRODUCT(BW15:CA15,属性分配!$C$7:$G$7)=0,"",SUMPRODUCT(BW15:CA15,属性分配!$C$7:$G$7))}
AX16: {=IFERROR(INDEX(属性分配!$C$4:$J$4,MATCH(AX$3,属性分配!$C$3:$J$3,FALSE))*INDEX(职业模板!$C$5:$J$12,MATCH($C16,职业模板!$B$5:$B$12,FALSE),MATCH(AX$3,职业模板!$C$3:$J$3,FALSE))*$F16*N16,"")} | AY16: {=IFERROR(INDEX(属性分配!$C$4:$J$4,MATCH(AY$3,属性分配!$C$3:$J$3,FALSE))*INDEX(职业模板!$C$5:$J$12,MATCH($C16,职业模板!$B$5:$B$12,FALSE),MATCH(AY$3,职业模板!$C$3:$J$3,FALSE))*$F16*O16,"")} | AZ16: {=IFERROR(INDEX(属性分配!$C$4:$J$4,MATCH(AZ$3,属性分配!$C$3:$J$3,FALSE))*INDEX(职业模板!$C$5:$J$12,MATCH($C16,职业模板!$B$5:$B$12,FALSE),MATCH(AZ$3,职业模板!$C$3:$J$3,FALSE))*$F16*P16,"")} | BA16: {=IFERROR(INDEX(属性分配!$C$4:$J$4,MATCH(BA$3,属性分配!$C$3:$J$3,FALSE))*INDEX(职业模板!$C$5:$J$12,MATCH($C16,职业模板!$B$5:$B$12,FALSE),MATCH(BA$3,职业模板!$C$3:$J$3,FALSE))*$F16*Q16,"")} | BB16: {=IFERROR(INDEX(属性分配!$C$4:$J$4,MATCH(BB$3,属性分配!$C$3:$J$3,FALSE))*INDEX(职业模板!$C$5:$J$12,MATCH($C16,职业模板!$B$5:$B$12,FALSE),MATCH(BB$3,职业模板!$C$3:$J$3,FALSE))*$F16*R16,"")} | BC16: {=IFERROR(INDEX(属性分配!$C$4:$J$4,MATCH(BC$3,属性分配!$C$3:$J$3,FALSE))*INDEX(职业模板!$C$5:$J$12,MATCH($C16,职业模板!$B$5:$B$12,FALSE),MATCH(BC$3,职业模板!$C$3:$J$3,FALSE))*$F16*S16,"")} | BD16: {=IFERROR(INDEX(属性分配!$C$4:$J$4,MATCH(BD$3,属性分配!$C$3:$J$3,FALSE))*INDEX(职业模板!$C$5:$J$12,MATCH($C16,职业模板!$B$5:$B$12,FALSE),MATCH(BD$3,职业模板!$C$3:$J$3,FALSE))*$F16*T16,"")} | BE16: {=IFERROR(INDEX(属性分配!$C$4:$J$4,MATCH(BE$3,属性分配!$C$3:$J$3,FALSE))*INDEX(职业模板!$C$5:$J$12,MATCH($C16,职业模板!$B$5:$B$12,FALSE),MATCH(BE$3,职业模板!$C$3:$J$3,FALSE))*$F16*U16,"")} | BF16: {=IFERROR(INDEX(属性分配!$C$11:$J$11,MATCH(BF$3,属性分配!$C$3:$J$3,FALSE))/职业模板!$E$16*AX16,"")} | BG16: {=IFERROR(INDEX(属性分配!$C$11:$J$11,MATCH(BG$3,属性分配!$C$3:$J$3,FALSE))/职业模板!$E$16*AY16,"")} | BH16: {=IFERROR(INDEX(属性分配!$C$11:$J$11,MATCH(BH$3,属性分配!$C$3:$J$3,FALSE))/职业模板!$E$16*AZ16,"")} | BI16: {=IFERROR(INDEX(属性分配!$C$11:$J$11,MATCH(BI$3,属性分配!$C$3:$J$3,FALSE))/职业模板!$E$16*BA16,"")} | BJ16: {=IFERROR(INDEX(属性分配!$C$11:$J$11,MATCH(BJ$3,属性分配!$C$3:$J$3,FALSE))/职业模板!$E$16*BB16,"")} | BK16: {=IFERROR(INDEX(属性分配!$C$11:$J$11,MATCH(BK$3,属性分配!$C$3:$J$3,FALSE))/职业模板!$E$16*BC16,"")} | BL16: {=IFERROR(INDEX(属性分配!$C$11:$J$11,MATCH(BL$3,属性分配!$C$3:$J$3,FALSE))/职业模板!$E$16*BD16,"")} | BM16: {=IFERROR(INDEX(属性分配!$C$11:$J$11,MATCH(BM$3,属性分配!$C$3:$J$3,FALSE))/职业模板!$E$16*BE16,"")} | BN16: {=IFERROR(ROUND((AX16+BF16*职业模板!$E$16)*(1+INDEX(职业模板!$C$29:$J$34,MATCH($K16,职业模板!$B$29:$B$34,FALSE),MATCH(V$3,职业模板!$C$28:$J$28,FALSE))+INDEX(职业模板!$C$40:$J$60,MATCH($L16,职业模板!$B$40:$B$60,FALSE),MATCH(V$3,职业模板!$C$39:$J$39,FALSE))),2),"")} | BO16: {=IFERROR(ROUND((AY16+BG16*职业模板!$E$16)*(1+INDEX(职业模板!$C$29:$J$34,MATCH($K16,职业模板!$B$29:$B$34,FALSE),MATCH(W$3,职业模板!$C$28:$J$28,FALSE))+INDEX(职业模板!$C$40:$J$60,MATCH($L16,职业模板!$B$40:$B$60,FALSE),MATCH(W$3,职业模板!$C$39:$J$39,FALSE))),2),"")} | BP16: {=IFERROR(ROUND((AZ16+BH16*职业模板!$E$16)*(1+INDEX(职业模板!$C$29:$J$34,MATCH($K16,职业模板!$B$29:$B$34,FALSE),MATCH(X$3,职业模板!$C$28:$J$28,FALSE))+INDEX(职业模板!$C$40:$J$60,MATCH($L16,职业模板!$B$40:$B$60,FALSE),MATCH(X$3,职业模板!$C$39:$J$39,FALSE))),2),"")} | BQ16: {=IFERROR(ROUND((BA16+BI16*职业模板!$E$16)*(1+INDEX(职业模板!$C$29:$J$34,MATCH($K16,职业模板!$B$29:$B$34,FALSE),MATCH(Y$3,职业模板!$C$28:$J$28,FALSE))+INDEX(职业模板!$C$40:$J$60,MATCH($L16,职业模板!$B$40:$B$60,FALSE),MATCH(Y$3,职业模板!$C$39:$J$39,FALSE))),2),"")} | BR16: {=IFERROR(ROUND((BB16+BJ16*职业模板!$E$16)*(1+INDEX(职业模板!$C$29:$J$34,MATCH($K16,职业模板!$B$29:$B$34,FALSE),MATCH(Z$3,职业模板!$C$28:$J$28,FALSE))+INDEX(职业模板!$C$40:$J$60,MATCH($L16,职业模板!$B$40:$B$60,FALSE),MATCH(Z$3,职业模板!$C$39:$J$39,FALSE))),2),"")} | BS16: {=IFERROR(ROUND((BC16+BK16*职业模板!$E$16)*(1+INDEX(职业模板!$C$29:$J$34,MATCH($K16,职业模板!$B$29:$B$34,FALSE),MATCH(AA$3,职业模板!$C$28:$J$28,FALSE))+INDEX(职业模板!$C$40:$J$60,MATCH($L16,职业模板!$B$40:$B$60,FALSE),MATCH(AA$3,职业模板!$C$39:$J$39,FALSE))),2),"")} | BT16: {=IFERROR(ROUND((BD16+BL16*职业模板!$E$16)*(1+INDEX(职业模板!$C$29:$J$34,MATCH($K16,职业模板!$B$29:$B$34,FALSE),MATCH(AB$3,职业模板!$C$28:$J$28,FALSE))+INDEX(职业模板!$C$40:$J$60,MATCH($L16,职业模板!$B$40:$B$60,FALSE),MATCH(AB$3,职业模板!$C$39:$J$39,FALSE))),2),"")} | BU16: {=IFERROR(ROUND((BE16+BM16*职业模板!$E$16)*(1+INDEX(职业模板!$C$29:$J$34,MATCH($K16,职业模板!$B$29:$B$34,FALSE),MATCH(AC$3,职业模板!$C$28:$J$28,FALSE))+INDEX(职业模板!$C$40:$J$60,MATCH($L16,职业模板!$B$40:$B$60,FALSE),MATCH(AC$3,职业模板!$C$39:$J$39,FALSE))),2),"")} | BV16: {=IF(SUMPRODUCT($BN16:$BR16,属性分配!$C$7:$G$7)=0,"",SUMPRODUCT($BN16:$BR16,属性分配!$C$7:$G$7))} | BW16: {=IFERROR((AX16+BF16*职业模板!$E$16)*(1+INDEX(职业模板!$C$34:$J$34,MATCH(V$3,职业模板!$C$28:$J$28,FALSE))+INDEX(职业模板!$C$60:$J$60,MATCH(V$3,职业模板!$C$39:$J$39,FALSE))),"")} | BX16: {=IFERROR((AY16+BG16*职业模板!$E$16)*(1+INDEX(职业模板!$C$34:$J$34,MATCH(W$3,职业模板!$C$28:$J$28,FALSE))+INDEX(职业模板!$C$60:$J$60,MATCH(W$3,职业模板!$C$39:$J$39,FALSE))),"")} | BY16: {=IFERROR((AZ16+BH16*职业模板!$E$16)*(1+INDEX(职业模板!$C$34:$J$34,MATCH(X$3,职业模板!$C$28:$J$28,FALSE))+INDEX(职业模板!$C$60:$J$60,MATCH(X$3,职业模板!$C$39:$J$39,FALSE))),"")} | BZ16: {=IFERROR((BA16+BI16*职业模板!$E$16)*(1+INDEX(职业模板!$C$34:$J$34,MATCH(Y$3,职业模板!$C$28:$J$28,FALSE))+INDEX(职业模板!$C$60:$J$60,MATCH(Y$3,职业模板!$C$39:$J$39,FALSE))),"")} | CA16: {=IFERROR((BB16+BJ16*职业模板!$E$16)*(1+INDEX(职业模板!$C$34:$J$34,MATCH(Z$3,职业模板!$C$28:$J$28,FALSE))+INDEX(职业模板!$C$60:$J$60,MATCH(Z$3,职业模板!$C$39:$J$39,FALSE))),"")} | CB16: {=IFERROR((BC16+BK16*职业模板!$E$16)*(1+INDEX(职业模板!$C$34:$J$34,MATCH(AA$3,职业模板!$C$28:$J$28,FALSE))+INDEX(职业模板!$C$60:$J$60,MATCH(AA$3,职业模板!$C$39:$J$39,FALSE))),"")} | CC16: {=IFERROR((BD16+BL16*职业模板!$E$16)*(1+INDEX(职业模板!$C$34:$J$34,MATCH(AB$3,职业模板!$C$28:$J$28,FALSE))+INDEX(职业模板!$C$60:$J$60,MATCH(AB$3,职业模板!$C$39:$J$39,FALSE))),"")} | CD16: {=IFERROR((BE16+BM16*职业模板!$E$16)*(1+INDEX(职业模板!$C$34:$J$34,MATCH(AC$3,职业模板!$C$28:$J$28,FALSE))+INDEX(职业模板!$C$60:$J$60,MATCH(AC$3,职业模板!$C$39:$J$39,FALSE))),"")} | CE16: {=IF(SUMPRODUCT(BW16:CA16,属性分配!$C$7:$G$7)=0,"",SUMPRODUCT(BW16:CA16,属性分配!$C$7:$G$7))}
AX17: {=IFERROR(INDEX(属性分配!$C$4:$J$4,MATCH(AX$3,属性分配!$C$3:$J$3,FALSE))*INDEX(职业模板!$C$5:$J$12,MATCH($C17,职业模板!$B$5:$B$12,FALSE),MATCH(AX$3,职业模板!$C$3:$J$3,FALSE))*$F17*N17,"")} | AY17: {=IFERROR(INDEX(属性分配!$C$4:$J$4,MATCH(AY$3,属性分配!$C$3:$J$3,FALSE))*INDEX(职业模板!$C$5:$J$12,MATCH($C17,职业模板!$B$5:$B$12,FALSE),MATCH(AY$3,职业模板!$C$3:$J$3,FALSE))*$F17*O17,"")} | AZ17: {=IFERROR(INDEX(属性分配!$C$4:$J$4,MATCH(AZ$3,属性分配!$C$3:$J$3,FALSE))*INDEX(职业模板!$C$5:$J$12,MATCH($C17,职业模板!$B$5:$B$12,FALSE),MATCH(AZ$3,职业模板!$C$3:$J$3,FALSE))*$F17*P17,"")} | BA17: {=IFERROR(INDEX(属性分配!$C$4:$J$4,MATCH(BA$3,属性分配!$C$3:$J$3,FALSE))*INDEX(职业模板!$C$5:$J$12,MATCH($C17,职业模板!$B$5:$B$12,FALSE),MATCH(BA$3,职业模板!$C$3:$J$3,FALSE))*$F17*Q17,"")} | BB17: {=IFERROR(INDEX(属性分配!$C$4:$J$4,MATCH(BB$3,属性分配!$C$3:$J$3,FALSE))*INDEX(职业模板!$C$5:$J$12,MATCH($C17,职业模板!$B$5:$B$12,FALSE),MATCH(BB$3,职业模板!$C$3:$J$3,FALSE))*$F17*R17,"")} | BC17: {=IFERROR(INDEX(属性分配!$C$4:$J$4,MATCH(BC$3,属性分配!$C$3:$J$3,FALSE))*INDEX(职业模板!$C$5:$J$12,MATCH($C17,职业模板!$B$5:$B$12,FALSE),MATCH(BC$3,职业模板!$C$3:$J$3,FALSE))*$F17*S17,"")} | BD17: {=IFERROR(INDEX(属性分配!$C$4:$J$4,MATCH(BD$3,属性分配!$C$3:$J$3,FALSE))*INDEX(职业模板!$C$5:$J$12,MATCH($C17,职业模板!$B$5:$B$12,FALSE),MATCH(BD$3,职业模板!$C$3:$J$3,FALSE))*$F17*T17,"")} | BE17: {=IFERROR(INDEX(属性分配!$C$4:$J$4,MATCH(BE$3,属性分配!$C$3:$J$3,FALSE))*INDEX(职业模板!$C$5:$J$12,MATCH($C17,职业模板!$B$5:$B$12,FALSE),MATCH(BE$3,职业模板!$C$3:$J$3,FALSE))*$F17*U17,"")} | BF17: {=IFERROR(INDEX(属性分配!$C$11:$J$11,MATCH(BF$3,属性分配!$C$3:$J$3,FALSE))/职业模板!$E$16*AX17,"")} | BG17: {=IFERROR(INDEX(属性分配!$C$11:$J$11,MATCH(BG$3,属性分配!$C$3:$J$3,FALSE))/职业模板!$E$16*AY17,"")} | BH17: {=IFERROR(INDEX(属性分配!$C$11:$J$11,MATCH(BH$3,属性分配!$C$3:$J$3,FALSE))/职业模板!$E$16*AZ17,"")} | BI17: {=IFERROR(INDEX(属性分配!$C$11:$J$11,MATCH(BI$3,属性分配!$C$3:$J$3,FALSE))/职业模板!$E$16*BA17,"")} | BJ17: {=IFERROR(INDEX(属性分配!$C$11:$J$11,MATCH(BJ$3,属性分配!$C$3:$J$3,FALSE))/职业模板!$E$16*BB17,"")} | BK17: {=IFERROR(INDEX(属性分配!$C$11:$J$11,MATCH(BK$3,属性分配!$C$3:$J$3,FALSE))/职业模板!$E$16*BC17,"")} | BL17: {=IFERROR(INDEX(属性分配!$C$11:$J$11,MATCH(BL$3,属性分配!$C$3:$J$3,FALSE))/职业模板!$E$16*BD17,"")} | BM17: {=IFERROR(INDEX(属性分配!$C$11:$J$11,MATCH(BM$3,属性分配!$C$3:$J$3,FALSE))/职业模板!$E$16*BE17,"")} | BN17: {=IFERROR(ROUND((AX17+BF17*职业模板!$E$16)*(1+INDEX(职业模板!$C$29:$J$34,MATCH($K17,职业模板!$B$29:$B$34,FALSE),MATCH(V$3,职业模板!$C$28:$J$28,FALSE))+INDEX(职业模板!$C$40:$J$60,MATCH($L17,职业模板!$B$40:$B$60,FALSE),MATCH(V$3,职业模板!$C$39:$J$39,FALSE))),2),"")} | BO17: {=IFERROR(ROUND((AY17+BG17*职业模板!$E$16)*(1+INDEX(职业模板!$C$29:$J$34,MATCH($K17,职业模板!$B$29:$B$34,FALSE),MATCH(W$3,职业模板!$C$28:$J$28,FALSE))+INDEX(职业模板!$C$40:$J$60,MATCH($L17,职业模板!$B$40:$B$60,FALSE),MATCH(W$3,职业模板!$C$39:$J$39,FALSE))),2),"")} | BP17: {=IFERROR(ROUND((AZ17+BH17*职业模板!$E$16)*(1+INDEX(职业模板!$C$29:$J$34,MATCH($K17,职业模板!$B$29:$B$34,FALSE),MATCH(X$3,职业模板!$C$28:$J$28,FALSE))+INDEX(职业模板!$C$40:$J$60,MATCH($L17,职业模板!$B$40:$B$60,FALSE),MATCH(X$3,职业模板!$C$39:$J$39,FALSE))),2),"")} | BQ17: {=IFERROR(ROUND((BA17+BI17*职业模板!$E$16)*(1+INDEX(职业模板!$C$29:$J$34,MATCH($K17,职业模板!$B$29:$B$34,FALSE),MATCH(Y$3,职业模板!$C$28:$J$28,FALSE))+INDEX(职业模板!$C$40:$J$60,MATCH($L17,职业模板!$B$40:$B$60,FALSE),MATCH(Y$3,职业模板!$C$39:$J$39,FALSE))),2),"")} | BR17: {=IFERROR(ROUND((BB17+BJ17*职业模板!$E$16)*(1+INDEX(职业模板!$C$29:$J$34,MATCH($K17,职业模板!$B$29:$B$34,FALSE),MATCH(Z$3,职业模板!$C$28:$J$28,FALSE))+INDEX(职业模板!$C$40:$J$60,MATCH($L17,职业模板!$B$40:$B$60,FALSE),MATCH(Z$3,职业模板!$C$39:$J$39,FALSE))),2),"")} | BS17: {=IFERROR(ROUND((BC17+BK17*职业模板!$E$16)*(1+INDEX(职业模板!$C$29:$J$34,MATCH($K17,职业模板!$B$29:$B$34,FALSE),MATCH(AA$3,职业模板!$C$28:$J$28,FALSE))+INDEX(职业模板!$C$40:$J$60,MATCH($L17,职业模板!$B$40:$B$60,FALSE),MATCH(AA$3,职业模板!$C$39:$J$39,FALSE))),2),"")} | BT17: {=IFERROR(ROUND((BD17+BL17*职业模板!$E$16)*(1+INDEX(职业模板!$C$29:$J$34,MATCH($K17,职业模板!$B$29:$B$34,FALSE),MATCH(AB$3,职业模板!$C$28:$J$28,FALSE))+INDEX(职业模板!$C$40:$J$60,MATCH($L17,职业模板!$B$40:$B$60,FALSE),MATCH(AB$3,职业模板!$C$39:$J$39,FALSE))),2),"")} | BU17: {=IFERROR(ROUND((BE17+BM17*职业模板!$E$16)*(1+INDEX(职业模板!$C$29:$J$34,MATCH($K17,职业模板!$B$29:$B$34,FALSE),MATCH(AC$3,职业模板!$C$28:$J$28,FALSE))+INDEX(职业模板!$C$40:$J$60,MATCH($L17,职业模板!$B$40:$B$60,FALSE),MATCH(AC$3,职业模板!$C$39:$J$39,FALSE))),2),"")} | BV17: {=IF(SUMPRODUCT($BN17:$BR17,属性分配!$C$7:$G$7)=0,"",SUMPRODUCT($BN17:$BR17,属性分配!$C$7:$G$7))} | BW17: {=IFERROR((AX17+BF17*职业模板!$E$16)*(1+INDEX(职业模板!$C$34:$J$34,MATCH(V$3,职业模板!$C$28:$J$28,FALSE))+INDEX(职业模板!$C$60:$J$60,MATCH(V$3,职业模板!$C$39:$J$39,FALSE))),"")} | BX17: {=IFERROR((AY17+BG17*职业模板!$E$16)*(1+INDEX(职业模板!$C$34:$J$34,MATCH(W$3,职业模板!$C$28:$J$28,FALSE))+INDEX(职业模板!$C$60:$J$60,MATCH(W$3,职业模板!$C$39:$J$39,FALSE))),"")} | BY17: {=IFERROR((AZ17+BH17*职业模板!$E$16)*(1+INDEX(职业模板!$C$34:$J$34,MATCH(X$3,职业模板!$C$28:$J$28,FALSE))+INDEX(职业模板!$C$60:$J$60,MATCH(X$3,职业模板!$C$39:$J$39,FALSE))),"")} | BZ17: {=IFERROR((BA17+BI17*职业模板!$E$16)*(1+INDEX(职业模板!$C$34:$J$34,MATCH(Y$3,职业模板!$C$28:$J$28,FALSE))+INDEX(职业模板!$C$60:$J$60,MATCH(Y$3,职业模板!$C$39:$J$39,FALSE))),"")} | CA17: {=IFERROR((BB17+BJ17*职业模板!$E$16)*(1+INDEX(职业模板!$C$34:$J$34,MATCH(Z$3,职业模板!$C$28:$J$28,FALSE))+INDEX(职业模板!$C$60:$J$60,MATCH(Z$3,职业模板!$C$39:$J$39,FALSE))),"")} | CB17: {=IFERROR((BC17+BK17*职业模板!$E$16)*(1+INDEX(职业模板!$C$34:$J$34,MATCH(AA$3,职业模板!$C$28:$J$28,FALSE))+INDEX(职业模板!$C$60:$J$60,MATCH(AA$3,职业模板!$C$39:$J$39,FALSE))),"")} | CC17: {=IFERROR((BD17+BL17*职业模板!$E$16)*(1+INDEX(职业模板!$C$34:$J$34,MATCH(AB$3,职业模板!$C$28:$J$28,FALSE))+INDEX(职业模板!$C$60:$J$60,MATCH(AB$3,职业模板!$C$39:$J$39,FALSE))),"")} | CD17: {=IFERROR((BE17+BM17*职业模板!$E$16)*(1+INDEX(职业模板!$C$34:$J$34,MATCH(AC$3,职业模板!$C$28:$J$28,FALSE))+INDEX(职业模板!$C$60:$J$60,MATCH(AC$3,职业模板!$C$39:$J$39,FALSE))),"")} | CE17: {=IF(SUMPRODUCT(BW17:CA17,属性分配!$C$7:$G$7)=0,"",SUMPRODUCT(BW17:CA17,属性分配!$C$7:$G$7))}
